Brand,Series,name,price,second_info,year
Lenovo,T-series,"Lenovo Thinkpad T440P i7-4600M 16GB 500GB SSD 14"" NVIDIA backlit Windows 10 pro",329.99,Refurbished,2014
Lenovo,T-series,"Lenovo ThinkPad T450 i5-5300U 14"" 8GB RAM 256GB SSD Win10 Pro with Warranty",299.95,Refurbished,2014
Lenovo,T-series,Lenovo ThinkPad T440s #3 /Win 7 Pro / FHD1920x1080 / i5-4200U / 8GB /500GB+16GB,999.0,Refurbished,2014
Lenovo,T-series,"Lenovo ThinkPad 14.1"" T440 Core i5 Laptop Win 10 Pro 8GB RAM 320GB New BATTERY",199.99,Refurbished,2014
Lenovo,T-series,Lenovo ThinkPad T530 Core i7-3520M 8GB RAM 120SSD NVidia NVS 5400M Windows 7,329.95,Pre-Owned,2014
Lenovo,T-series,"Lenovo ThinkPad T440 14"" Laptop PC i5-4300U 500GB HDD 4GB RAM Win 10 - Warranty",279.99,Refurbished,2014
Lenovo,T-series,Lenovo Thinkpad T440 Core i5-4300U 2.5GHz HD 4GB 500GB SSHD BT FPR Win10,163.0,Refurbished,2014
Lenovo,T-series,Lenovo Thinkpad T440 Core i7-4600U 2.7G HD+ 8GB 500GB BT FPR Win10Pro,205.0,Refurbished,2014
Lenovo,T-series,Lenovo Thinkpad T440 Intel Core i7-4600U 2.7G HD+ 4GB 256GB SSD BT FPR Win10 Pro,209.0,Refurbished,2014
Lenovo,T-series,"Lenovo ThinkPad T440 i5 4300U, 8GB RAM, 500GB, Windows 10, 1 Year Warranty",294.99,Refurbished,2014
Lenovo,T-series,Lenovo Thinkpad T440P Core i5-4300M 2.5GHz HD 4GB 160GB HDD BT DVDRAM Win10 Pro,129.0,Refurbished,2014
Lenovo,T-series,Lenovo Thinkpad T440 Core i5-4300U 2.5GHz HD+ 4GB 500GB BT FPR Win10Pro,155.0,Refurbished,2014
Lenovo,T-series,Lenovo Thinkpad T440 Core i7-4600U 2.7G HD+ 1600*900 8GB 500GB BT FPR Win10Pro,209.0,Refurbished,2014
Lenovo,T-series,Lenovo Thinkpad T440 Core i5-4300U 2.5GHz HD 4GB 120GB SSD BT Backlit Win10Pro,165.0,Refurbished,2014
Lenovo,T-series,Lenovo Thinkpad T440 Intel Core i7-4600U 2.7G HD+ 8GB 500GB BT FPR Win10 Pro,239.0,Refurbished,2014
Lenovo,T-series,Lenovo Thinkpad T440P w/Dock i7-4600M 2.9G GT-730M HD+ 8GB 256GB SSD FPR Win10,289.0,Refurbished,2014
Lenovo,T-series,Lenovo Thinkpad T440 intel Core i5 1.90GHZ 4GB 128GB SSD Windows 10 Home camera,127.02,Pre-Owned,2014
Lenovo,T-series,Lenovo Thinkpad T440 intel i7-4600U 8gb 256GB SSD Backlit Windows 10 Pro Laptop,250.0,Pre-Owned,2014
Lenovo,T-series,Lenovo Thinkpad T440 Core i7-4600U 2.7G HD+ MultiTouch 8GB 500GB BT Win10 Pro,215.0,Refurbished,2014
Lenovo,T-series,"Lenovo ThinkPad T440 Win 8 Pro/14.0"" 1366 X 768 / i7-4600U / 8GB / 500GB+16GB",999.0,Refurbished,2014
Lenovo,T-series,Lenovo Thinkpad T440s intel i5-4300U 8gb 320gb Windows 10 Pro Laptop,189.0,Pre-Owned,2014
Lenovo,T-series,Lenovo ThinkPad T440 Ultrabook Intel i5-4200U 2.3ghz 4GB RAM 500GB ,235.0,Refurbished,2014
Lenovo,T-series,Lenovo ThinkPad T430 laptop Core i7 8GB RAM 180GB SSD Webcam,357.19,Refurbished,2014
Lenovo,T-series,"Lenovo ThinkPad T440 14"" Laptop Dual Core i5-4300U 1.9GHz 12GB 500GB w/ Win 10",189.99,Pre-Owned,2014
Lenovo,T-series,Lenovo Thinkpad T430 Business Laptop computer Intel i5-3320m 8GB DDR3 128GB,159.99,Refurbished,2014
Lenovo,T-series,Lenovo ThinkPad T430 laptop Intel Core i5 2.6GHZ  250GB SSD DVDRW ,250.0,Pre-Owned,2014
Lenovo,T-series,"Lenovo Thinkpad T440 Laptop PC, Windows 10 Home 64-bit, Intel Core i5-4300U, 8GB",300.0,Pre-Owned,2014
Lenovo,T-series,Lenovo ThinkPad T430 Laptop i5-3320M 2.60GHz CPU 4GB RAM No HDD,139.95,Pre-Owned,2014
Lenovo,T-series,Lenovo Thinkpad T440s laptop & PRO dock,300.0,Pre-Owned,2014
Lenovo,T-series,"Lenovo ThinkPad T440 i5 4300U, 4GB RAM, 320GB Webcam Windows 10, 1 Year Warranty",279.99,Refurbished,2014
Lenovo,T-series,"Lenovo ThinkPad T440 14"" Intel i5-4300U , 8GB RAM, 128GB SSD *FAST SHIPPING*",183.99,Pre-Owned,2014
Lenovo,T-series,"Lenovo Thinkpad T440 Laptop PC, Windows 10 Home 64-bit, Intel Core i5-4300U, 8GB",272.0,Pre-Owned,2014
Lenovo,T-series,"Lenovo ThinkPad T440 i5 4300U, 8GB RAM, 500GB HDD *FAST SHIPPING*",147.99,Pre-Owned,2014
Lenovo,T-series,Lenovo ThinkPad T440 Laptop Intel Core i7-4600U 2.1GHz 700GB  Win 10 Pro,350.0,Pre-Owned,2014
Lenovo,T-series,"Lenovo 14"" Thinkpad, T440P, Intel Core i5-4200M,8GB RAM, 1TB HDD, Win10 PRO",340.0,Pre-Owned,2014
Lenovo,T-series,"Lenovo Thinkpad T440 Laptop PC, Windows 10 Home 64-bit, Intel Core i5-4300U, 8GB",300.0,Pre-Owned,2014
Lenovo,T-series,"Thinkpad T440 Ultrabk, 14"" Intel Core 4th G i5-4300U 1.9 8GB RAM, 500GB, W10P",269.95,Refurbished,2014
Lenovo,T-series,Lenovo Thinkpad T440s Intel Core i5 4300U 1.9GHz 12GB RAM 384GB DUAL SSD Laptop,199.0,Pre-Owned,2014
Lenovo,T-series,"Lenovo Thinkpad T440 Laptop PC, Windows 10 Home 64-bit, Intel Core i5-4300U, 8GB",272.0,Pre-Owned,2014
Lenovo,T-series,"Lenovo ThinkPad T430 Laptop i5-3320M vPro 2.6Ghz 8 GB 14""",140.0,Pre-Owned,2014
Lenovo,T-series,Lenevo Thinkpad T440 I7-4600U 12GB RAM 256SSD-HD 1366x768,385.0,Pre-Owned,2014
Lenovo,T-series,Lenevo Thinkpad T540P I7-4600 256SSD 16GB Ram Win 10-64bit 1366 x 768,500.0,Pre-Owned,2014
Lenovo,T-series,Lenevo Thinkpad T450 I5-5300U CPU 2.30Ghz 16GBRAM 256SSD-HD Win 7-64bit,450.0,Pre-Owned,2014
Lenovo,T-series,Lenevo Thinkpad T540P I7-4600M 2.9Ghz 500GBSSD 16GBRam Win 10-64bit 1366 x 768,600.0,Pre-Owned,2014
Lenovo,T-series,Lenevo Thinkpad T450 I5-5300U CPU 2.30Ghz 16GBRAM 256SSD-HD Win 7-64bit,400.0,Pre-Owned,2014
Lenovo,T-series,ThinkPad T530 Core i7-3630QM 8GB 180GB SSD NVS 5400M Win 10 Office 2019 Pro Dock,295.0,Pre-Owned,2014
Lenovo,T-series,Lenovo Thinkpad T450 Intel Core i7-5600U 2.6GHz 160GB SSD 8GB RAM Win10 Pro,154.25,Pre-Owned,2015
Lenovo,T-series,Lenovo ThinkPad T440s 14in.,370.0,Refurbished,2015
Lenovo,T-series,Lenovo Thinkpad T450s Laptop Core i7 2.6GHZ 8GB 256GB SSD Win 10 Pro Touch,200.0,Pre-Owned,2015
Lenovo,T-series,Lenovo Thinkpad T450s Laptop Core i5 2.3GHZ 8GB 512GB SSD Windows 10 Pro x64,359.02,Refurbished,2015
Lenovo,T-series,"Lenovo ThinkPad T430 14"" laptop i5-2520 2.50GHz 8GB 500GB Win10 2349S7W",326.08,Refurbished,2015
Lenovo,T-series,LENOVO THINKPAD T450 i5 4200U 1.6GHz 12GB RAM 297GB LAPTOP Win 10,199.99,Refurbished,2015
Lenovo,T-series,"Lenovo 14"" ThinkPad T450 Intel i5-5200U 2.20GHz 8GB RAM 1TB HDD Windows 10 PRO",142.5,Pre-Owned,2015
Lenovo,T-series,Lenovo Thinkpad T450 Intel Core i5-5300U 2.2GHz HD 4GB 180GB SSD BT Win10 w/PS,239.95,Pre-Owned,2015
Lenovo,T-series,LENOVO  THINKPAD  T400  WINDOWS  7  PRO  ACTIVATED  UPDATED  LAPTOP,219.0,Refurbished,2015
Lenovo,T-series,Lenovo Thinkpad T450s Intel Core i5-5200U 2.20GHz 4GB 256GB SSD BT FPR Win10,90.0,Pre-Owned,2015
Lenovo,T-series,Lenovo Thinkpad T450s laptop,215.0,Refurbished,2015
Lenovo,T-series,LENOVO THINKPAD T450 i5 5300U 2.3GHZ 4GB RAM 256GB SSD LAPTOP Win 10,350.0,Pre-Owned,2015
Lenovo,T-series,"Lenovo ThinkPad T430 14.in. 240GB SSD, 2.5GHz, 8GB) Notebook/Laptop - Black -...",156.75,Pre-Owned,2015
Lenovo,T-series,Lenovo 20BW0007US Lenovo.Mobile ThinkPad T450s Core i5 Dual-Core 2.30 GHz Bus Sp,220.0,Pre-Owned,2015
Lenovo,T-series,"Lenovo ThinkPad T450S 14"" Laptop Dual Core i5-5300U 2.3GHz 8GB 500GB w/ Win 10",713.0,Refurbished,2015
Lenovo,T-series,"Lenovo ThinkPad T440P Core i5-4210M 2.6GHz 4GB 500GB 14"" Win 10 Pro Laptop",299.99,Pre-Owned,2015
Lenovo,T-series,"Lenovo ThinkPad T450s 14"" Core i5-5300U 2.30GHZ 8GB RAM 256GB SSD Windows 10 Pro",238.28,Pre-Owned,2015
Lenovo,T-series,"Lenovo Thinkpad T440 Laptop PC, Windows 10 Home 64-bit, Intel Core i5-4300U, 8GB",279.0,Pre-Owned,2015
Lenovo,T-series,"Lenovo ThinkPad T440P Core i5-4210M 2.6GHz 4GB 500GB 14"" ",272.0,Pre-Owned,2015
Lenovo,T-series,"Lenovo ThinkPad T440s 14"" Laptop PC i5-4300U 500GB HDD 4GB RAM Windows 10 Pro",163.99,Pre-Owned,2015
Lenovo,T-series,Lenovo Thinkpad T550 laptop,289.99,Refurbished,2015
Lenovo,T-series,"Lenovo 14"" ThinkPad T450 Intel i5-5200U 2.20GHz 8GB RAM 750GB HDD Windows 10 PRO",400.0,Pre-Owned,2015
Lenovo,T-series,Lenovo ThinkPad T540P Laptop Intel Core i7-4600M 8GB DDR3 500GB HDD Win 10 Pro,229.95,Pre-Owned,2015
Lenovo,T-series,"Lenovo Thinkpad T440p Used 14"" 256gb SSD Intel Core i7-4710MQ 2.5GHz 16gb RAM",391.59,Refurbished,2015
Lenovo,T-series,"Lenovo ThinkPad T540p 15.6in-Intel Core i5 4th Gen-4200M-2.5GHz, 8GBRAN-500GBHD",265.0,Pre-Owned,2015
Lenovo,T-series,"14"" Lenovo 20BV000BUS ThinkPad T450 1.90GHz i5 4300U 240GB SSD 4GB Win10 BACKLIT",215.0,Pre-Owned,2015
Lenovo,T-series,Lenovo ThinkPad T540p i3 8GB 500GB DVD+RW Win 10 Office 2019 Pro,499.97,Pre-Owned,2015
Lenovo,T-series,Lenovo ThinkPad T540p i5 4GB 180GB SSD WebCam DVD+RW Win 10 Office 2019 Dock,399.99,Pre-Owned,2015
Lenovo,T-series,Thinkpad T450 Intel i5 16GB RAM 240GB SSD Webcam Win 10 Office 2019 Pro Dock,62.09,Pre-Owned,2015
Lenovo,T-series,Thinkpad T450 Intel i5 16GB RAM 500GB Webcam Win 10 Office 2019 Pro Dock,144.99,Pre-Owned,2015
Lenovo,T-series,Thinkpad T450 Intel i5 8GB RAM 240GB SSD Webcam Win 10 Office 2019 Pro Dock,439.99,Pre-Owned,2015
Lenovo,T-series,Thinkpad T450 Intel i5 8GB RAM 240GB SSD Webcam Win 10 Office 2019 Pro Dock,149.0,Pre-Owned,2015
Lenovo,T-series,ThinkPad T440 i5 8GB 256GB SSD WiFi WebCam 1600x900 Win 10 Office 2019 Dock,349.76,Pre-Owned,2015
Lenovo,T-series,ThinkPad T440 i5 8GB 500GB 1600x900 WiFi WebCam 1600x900 Win 10 Office 2019 Pro,346.34,Pre-Owned,2015
Lenovo,T-series,"20BUS0VF00 - ThinkPad T450 i5-5300U, 8GB RAM, 500GB SATA, 14.0"" HD+, WIN10 Pro64",368.37,Pre-Owned,2015
Lenovo,T-series,ThinkPad T540p i5 8GB 180GB SSD DVD+RW nVIDIA GT730M Win 10 Office 2019 Pro Dock,358.36,Refurbished,2015
Lenovo,T-series,ThinkPad T440 i7 12GB 480GB SSD WiFi WebCam 1600x900 Win 10 Office 2019 Pro,152.0,Pre-Owned,2015
Lenovo,T-series,Lenovo ThinkPad T430s i7 RAM 4GB cpu spd 2.90GHZ  120GB SSD win10 Ms Office 2016,220.0,Pre-Owned,2016
Lenovo,T-series,"Lenovo ThinkPad T420,Core i5 8GB cpu sp2.50GHZ SSD 240GB win10 ,ms office 2016",210.0,Pre-Owned,2016
Lenovo,T-series,"Lenovo ThinkPad T430, i7 RAM 4GB cpu spd 2.90GHZ  320GB HDD win10 Ms Office 2016",195.0,Pre-Owned,2016
Lenovo,T-series,Lenovo ThinkPad laptop T460s Core i7 3.40Ghz IPS Full HD Touch Screen 256GB SSD,599.0,Pre-Owned,2016
Lenovo,T-series,"Lenovo Thinkpad T550 15.6"" Laptop Core i5 2.3Ghz 8GB 500GB Windows 10 #cs",229.99,Pre-Owned,2016
Lenovo,T-series,Lenovo ThinkPad T460s / i5 2.4GHz / 20GB RAM / 256GB SSD / Ultrabook,222.5,Pre-Owned,2016
Lenovo,T-series,Lenovo Thinkpad T460 Core i5-6300U 2.5GHz 1080P IPS 8GB 256GB SSD BT FPR Win10,349.0,Refurbished,2016
Lenovo,T-series,Lenovo Thinkpad T460S Core i5-6300U 2.4GHz 8GB 256GB SSD HDMI WIN10 PRO WNRTY,157.5,Pre-Owned,2016
Lenovo,T-series,Lenovo ThinkPad T460s / i5 2.4GHz / 20GB RAM / 256GB SSD / Ultrabook *EXCELLENT*,295.0,Pre-Owned,2016
Lenovo,T-series,"Lenovo ThinkPad T460 14in. (512GB, Intel Core i7 6th Gen, 2.60GHz,16GB Ram) ",170.97,Pre-Owned,2016
Lenovo,T-series,"Great Lenovo Thinkpad T460 14"" Laptop Intel 6th Gen. i5-6200U@2.3GHz 8GB 256-SSD",299.99,Pre-Owned,2016
Lenovo,T-series,"LENOVO THINKPAD T450S 14"" I7-5600U  /8GB RAM/ 256GB SSD /NO EXT Battery#49095",299.98,Pre-Owned,2016
Lenovo,T-series,Lenovo ThinkPad T420 Core i5 RAM 4GB  cpu spd 2.50GHZ HDD 320GB  win10 /ms 2016,195.0,Pre-Owned,2016
Lenovo,T-series,"Lenovo ThinkPad T460p 14"" FHD IPS i7-6820HQ 16GB 512GB SSD NVIDIA 940MX #2",749.95,Refurbished,2016
Lenovo,T-series,"Lenovo ThinkPad T520 i7 Ram 8GB  SSD 160GB,Cpu sd 2.40GHZ, wins 10 pro,ms 2016",190.0,Pre-Owned,2016
Lenovo,T-series,"Lenovo ThinkPad T530, i7 RAM 4GB cpu spd 2.90GHZ 240GB SSD win10 Ms Office 2016",280.0,Pre-Owned,2016
Lenovo,T-series,"Lenovo ThinkPad T430, i7 RAM 4GB cpu spd 2.90GHZ  250GB HDD win10 Ms Office 2016",195.0,Pre-Owned,2016
Lenovo,T-series,Lenovo ThinkPad T460s i7 6600U 2.6GHz 8GB 256GB 1920x1080 Win 10,499.0,Refurbished,2016
Lenovo,T-series,Lenovo ThinkPad T410 i5 4GB cpu sp 2.53GHZ HD 320GB win10 64bit Ms office 2016,180.0,Pre-Owned,2016
Lenovo,T-series,"Lenovo ThinkPad T430, i7 RAM 4GB cpu spd 2.90GHZ  500GB HDD win10 Ms Office 2016",205.0,Pre-Owned,2016
Lenovo,T-series,Lenovo Thinkpad T530p i5 2.60GHz 8GB DDR3 500GB Hard Drive Win10Pro Office 2016,250.0,Refurbished,2016
Lenovo,T-series,"Lenovo ThinkPad T460s Laptop PC  - i7 2.6Ghz, Under IBM warranty until 11/2/2019",549.99,Pre-Owned,2016
Lenovo,T-series,"Lenovo ThinkPad T430, i7 RAM 8GB cpu spd 2.90GHZ 500GB HDD win10 Ms Office 2016",350.0,Pre-Owned,2016
Lenovo,T-series,"Lenovo ThinkPad T520 i5 Ram 8GB  SSD 240GB,Cpu sd 2.50GHZ, wins 10 pro,ms 2016",220.0,Pre-Owned,2016
Lenovo,T-series,"Lenovo ThinkPad T520 i5 Ram 4GB  SSD 250GB,Cpu sd 2.50GHZ, wins 10 pro,ms 2016",235.0,Pre-Owned,2016
Lenovo,T-series,"Lenovo T500 Thinkpad_Windows 10_240GB SSD, 8GB RAM+ Office 2016 PRO _ DISCOUNTED",233.99,Pre-Owned,2016
Lenovo,T-series,"Lenovo ThinkPad T460 Intel i5-6200U 2.30GHz 8GB RAM 500GB HDD 14"" Win10 P",298.99,Pre-Owned,2016
Lenovo,T-series,"Lenovo ThinkPad T430, i7 RAM 4GB cpu spd 2.90GHZ 160GB SSD win10 Ms Office 2016",210.0,Pre-Owned,2016
Lenovo,T-series,"Lenovo ThinkPad T420, i5 RAM 8GB cpu spd 2.50GHZ HDD 500GB  win10 Ms Office 2016",230.0,Pre-Owned,2016
Lenovo,T-series,Lenovo 14 Thinkpad T440S i7-4600 2.1GHz 12GB 512GB SSD 1080P Touch Bcklit Win10P,367.0,Refurbished,2016
Lenovo,T-series,"Lenovo ThinkPad T480 14"" (i7-8650U, 16GB DDR4, 512GB SSD)",959.99,Pre-Owned,2016
Lenovo,T-series,"Lenovo ThinkPad T460s 14"" i7-6600U 2.6Ghz 8GB RAM 256GB SSD Win 10 Pro",400.0,Pre-Owned,2016
Lenovo,T-series,Lenovo Thinkpad T460 Core i5-6300U 2.5GHz 1080P IPS 8GB 512GB SSD BT FPR Win10,379.0,Refurbished,2016
Lenovo,T-series,"Lenovo Thinkpad T550 intel Core i5 2.30GHZ 8GB 500GB Windows 10 x64 camera 15.6""",306.16,Refurbished,2016
Lenovo,T-series,Lenovo T450 Laptop (ThinkPad) - Type 20BU - Machine Type Model: 20BUS0SV00,229.99,Pre-Owned,2016
Lenovo,T-series,"Lenovo Thinkpad T420 14"" Laptop i5 2.5GHz 4GB RAM 500GB HDD Win10 Pro WiFi DVD",245.0,Refurbished,2016
Lenovo,T-series,Lenovo ThinkPad T460s Laptop i7-6600U 2.6Ghz 8GB 512GB SSD Windows 7 Pro,418.0,Pre-Owned,2016
Lenovo,T-series,Lenovo Thinkpad T460 i5-6300U 2.5GHz 1080P IPS 8GB 256GB SSD BT,389.0,Refurbished,2016
Lenovo,T-series,Lenovo Thinkpad T460S w/Dock i7-6600U 2.81GHz 8GB 512GB SSD BT IPS 1080P BT FPR,539.0,Refurbished,2016
Lenovo,T-series,Lenovo Thinkpad T460S i5-6300U 2.4GHz 8GB 256GB SSD FPR FHD IPS Germany DE Keys,355.0,Refurbished,2016
Lenovo,T-series,Lenovo Thinkpad T460S Core i5-6300U 2.4GHz 4GB 512GB SSD FPR FHD IPS w/Dock W10,375.0,Refurbished,2016
Lenovo,T-series,Lenovo Thinkpad T460s laptop,400.0,Pre-Owned,2016
Lenovo,T-series,Lenovo Thinkpad T460 w/Dock i7-6600U 2.6GHz 8GB 512GB SSD BT FPR 1080P IPS Win10,519.0,Refurbished,2016
Lenovo,T-series,"Lenovo Thinkpad T460s 14"" i5 6300U 2.4Ghz 8GB DDR4 512GB NVMe 1080p Win 10",569.99,Refurbished,2016
Lenovo,T-series,Lenovo ThinkPad T550 | 256GB SSD | 8GB RAM | i5-5300U @ 2.3GHz |,350.0,Pre-Owned,2016
Lenovo,T-series,Lenovo ThinkPad T540P - 20BE003NUS - Core i7 2.9GHz - 8GB - 500GB - DVDRW - 15.6,341.6,Pre-Owned,2016
Lenovo,T-series,"Lenovo ThinkPad T460s 14"" i5-6300U 2.4Ghz 8GB 512GB SSD Win 10 Pro Warranty",450.0,Pre-Owned,2016
Lenovo,T-series,Lenovo ThinkPad T460s 20FAS70703 Laptop - i5-6300U 512GB SSD 8GB RAM Warranty,499.0,Refurbished,2016
Lenovo,T-series,Lenovo ThinkPad T470s 20JTS08F09 Laptop i5-6300U 512GB SSD 8GB RAM Warranty,599.0,Refurbished,2016
Lenovo,T-series,"14"" Lenovo Thinkpad T440S i7-4600 2.1GHz 8GB 512GB SSD 1080P Touch Bcklit Win10P",550.0,Refurbished,2016
Lenovo,T-series,Lenovo Thinkpad T460s Laptop Core i5 2.4GHZ 8GB 256GB SSD Windows 10 64 bit,356.88,Pre-Owned,2016
Lenovo,T-series,"Lenovo ThinkPad T430, i7 RAM 4GB cpu spd 2.90GHZ  320GB HDD win10 Ms Office 2016",569.0,Pre-Owned,2016
Lenovo,T-series,"Lenovo ThinkPad T420,Core i5 8GB cpu sp2.50GHZ SSD 240GB win10 ,ms office 2016",110.0,Pre-Owned,2016
Lenovo,T-series,"Lenovo T500 Thinkpad_Windows 10_240GB SSD, 8GB RAM+ Office 2016 PRO _ DISCOUNTED",110.0,Pre-Owned,2016
Lenovo,T-series,"ThinkPad T440p 20AW004FUS i5-4300M 8GB 500GB SATA 14.0"" HD+ NVIDIA GT730M Win10",399.99,Refurbished,2014
Lenovo,T-series,Lenovo Thinkpad T440 Laptop Motherboard System Vivlo NM-A102,89.98,Pre-Owned,2014
Lenovo,T-series,"Lenovo ThinkPad T550 15.6"" Notebook PC i5-5300U 256GB HDD 8GB RAM Win 10 Pro",399.99,Refurbished,2014
Lenovo,T-series,Lenovo ThinkPad T430 laptop Core i7 8GB RAM 500GB HDD Webcam Genuine windows 10,328.99,Refurbished,2014
Lenovo,T-series,"Lenovo ThinkPad T440 14"" Laptop Dual Core i5-4300U 1.9GHz 8GB 128GB w/ Win 10",259.99,Pre-Owned,2014
Lenovo,T-series,Lenovo Thinkpad T450 w/Dock i7-5600U 2.6GHz 250GB SSD 8GB FPR Multi-Touch HD+,269.0,Pre-Owned,2015
Lenovo,T-series,Lenovo Thinkpad T450 Intel Core i5-5300U 2.2GHz HD 8GB 160GB SSD BT Win10,240.0,Refurbished,2015
Lenovo,T-series,Lenovo Thinkpad T450s Laptop Core i5 2.30GHZ 8GB 128GB SSD Windows 10 x64 bit,307.33,Refurbished,2015
Lenovo,T-series,Lenovo Thinkpad T450s Laptop Core i5 2.3 GHZ 8GB 128GB SSD Windows 10 64 bit ,241.43,Pre-Owned,2015
Lenovo,T-series,Lenovo Thinkpad T450s Laptop Core i5 2.3GHZ 8GB 512GB SSD Windows 10 Pro,303.82,Pre-Owned,2015
Lenovo,T-series,Lenovo Thinkpad T450 Intel Core i5-5300U 2.3GHz 4GB 180GB SSD BT FPR Win10Pro,240.0,Refurbished,2015
Lenovo,T-series,Lenovo Thinkpad T450s Laptop Core i5 2.30GHZ 8GB 512GB SSD Windows 10 Pro,315.26,Pre-Owned,2015
Lenovo,T-series,Lenovo Thinkpad T450s intel Core i7 2.6GHZ 8GB 256GB SSD Windows 10 Touchscreen,338.31,Pre-Owned,2015
Lenovo,T-series,Lenovo Thinkpad T450s intel Core i7 2.6GHZ 12GB 320GB Windows 10 Touchscreen,339.17,Pre-Owned,2015
Lenovo,T-series,ThinkPad T540p i7 16GB 240GB SSD nVIDIA GT730M 1920x1080 Win 10 Office 2019 Dock,99.75,Pre-Owned,2015
Lenovo,T-series,Lenovo Thinkpad T460 Core i5-6300U 2.5GHz 1080P 8GB 480GB SSD 10Pro Warranty A8,399.99,Refurbished,2016
Lenovo,T-series,Lenovo ThinkPad T410 Laptop Intel Core i5 2.5GHz 4GB RAM 320GB HDD Windows7Pro,174.99,Refurbished,2016
Lenovo,T-series,"14"" Lenovo Thinkpad T431s 1.80GHz i5-3337U 8GB 500GB+16GB SSD 20AA000BUS  WIN10P",300.0,Pre-Owned,2016
Lenovo,T-series,Lenovo ThinkPad T460 Intel I7-6600u 500GB HD 8GB RAM,399.0,Pre-Owned,2016
Lenovo,T-series,Thinkpad T430s i5 8Gb 180GB SSD WebCam 1600x900 Win 10 Office 2016 Dock,85.99,Pre-Owned,2016
Lenovo,T-series,Thinkpad T550 i7-5600U 8GB RAM 240GB SSD 1920x1080 Win 10 Office 2019 Dock ,79.95,Pre-Owned,2016
Lenovo,T-series,"Lenovo Thinkpad T450s 14"" Laptop - 2.2GHz i5-5200U 8GB RAM 256GB SSD W10P C",180.0,Refurbished,2016
Lenovo,T-series,"Lenovo ThinkPad T530, i7 RAM 8GB cpu spd 2.90GHZ 500GB HDD  win10 Ms Office 2016",175.0,Pre-Owned,2016
Lenovo,T-series,10pcs NEW Original TrackPoint Red Cap 2016 For Lenovo ThinkPad T460 T460S T460P,185.0,Pre-Owned,2016
Lenovo,T-series,"Lenovo ThinkPad T430, i7 RAM 4GB cpu spd 2.90GHZ 120GB SSD win10 Ms Office 2016",195.0,Refurbished,2016
Lenovo,T-series,"Lenovo ThinkPad T430, i7 RAM 4GB cpu spd 2.90GHZ 180 SSD  win10 Ms Office 2016",699.99,Pre-Owned,2016
Lenovo,T-series,"Lenovo ThinkPad T420,Core i5 8GB cpu sp2.50GHZ SSD 240GB win10 ,ms office 2016",367.55,Pre-Owned,2016
Lenovo,T-series,Lenovo ThinkPad T420 Core i5 RAM 4GB  cpu spd 2.50GHZ HDD 320GB  win10 /ms 2016,375.77,Pre-Owned,2016
Lenovo,T-series,"Lenovo ThinkPad T430, i7 RAM 4GB cpu spd 2.90GHZ 120GB SSD win10, Ms Office 2016",341.6,Pre-Owned,2016
Lenovo,T-series,"Lenovo Thinkpad T460s 14"" i5 6300U 2.4Ghz 20GB DDR4 1TB NVMe 1080p Win 10",539.99,Pre-Owned,2016
Lenovo,T-series,Lenovo Thinkpad T460s Laptop Core i5 2.4 GHZ 8GB 256GB SSD Windows 10 Pro IPS,94.95,Refurbished,2016
Lenovo,T-series,Lenovo Thinkpad T460s Laptop Core i5 2.40GHZ 8GB 256GB SSD Windows 10 Pro IPS,349.99,Pre-Owned,2016
Lenovo,T-series,Lenovo ThinkPad T540P - 20BE003NUS - Core i7 2.9GHz - 4GB - 500GB - DVDRW - 15.6,164.99,Pre-Owned,2016
Lenovo,T-series,"Lenovo Thinkpad T460s 14"" i5 6300U 2.4Ghz 8GB DDR4 256GB NVMe 1080p Win 10",684.99,Pre-Owned,2016
Lenovo,T-series,"Lenovo Thinkpad T460s 14"" i5 6300U 2.4Ghz 20GB DDR4 256GB NVMe 1080p Win 10 Pro",629.99,Refurbished,2016
Lenovo,T-series,"Lenovo Thinkpad T460s 14"" i5 6300U 2.4Ghz 8GB DDR4 1TB NVMe 1080p Win 10",634.99,Refurbished,2016
Lenovo,T-series,"Lenovo Thinkpad T460s 14"" i5 6300U 2.4Ghz 8GB DDR4 512GB NVMe 1080p Win 10 Pro",589.99,Refurbished,2016
Lenovo,T-series,"Lenovo Thinkpad T460s 14"" i5 6300U 2.4Ghz 12GB DDR4 256GB NVMe 1080p Win 10",569.99,Refurbished,2016
Lenovo,T-series,"Lenovo Thinkpad T460s 14"" i5 6300U 2.4Ghz 8GB DDR4 1TB NVMe 1080p Win 10 Pro",654.99,Refurbished,2016
Lenovo,T-series,"Lenovo Thinkpad T460s 14"" i5 6300U 2.4Ghz 12GB DDR4 256GB NVMe 1080p Win 10 Pro",589.99,Refurbished,2016
Lenovo,T-series,"Lenovo Thinkpad T460s 14"" i5 6300U 2.4Ghz 20GB DDR4 256GB NVMe 1080p Win 10",604.99,Refurbished,2016
Lenovo,T-series,"Lenovo Thinkpad T460s 14"" i5 6300U 2.4Ghz 20GB DDR4 512GB NVMe 1080p Win 10",634.99,Refurbished,2016
Lenovo,T-series,"Lenovo Thinkpad T460s 14"" i5 6300U 2.4Ghz 20GB DDR4 1TB NVMe 1080p Win 10 Pro",719.99,Refurbished,2016
Lenovo,T-series,"Lenovo Thinkpad T460s 14"" i5 6300U 2.4Ghz 8GB DDR4 256GB NVMe 1080p Win 10 Pro",564.99,Refurbished,2016
Lenovo,T-series,"Lenovo Thinkpad T460s 14"" i5 6300U 2.4Ghz 20GB DDR4 512GB NVMe 1080p Win 10 Pro",654.99,Refurbished,2016
Lenovo,T-series,"Lenovo Thinkpad T460s 14"" i5 6300U 2.4Ghz 12GB DDR4 512GB NVMe 1080p Win 10 Pro",619.99,Refurbished,2016
Lenovo,T-series,Lenovo ThinkPad T450S Motherboard w/ Core i7-5600U 2.6GHz CPU & 4GB RAM PC06XBRD,164.99,Pre-Owned,2016
Lenovo,T-series,Lenovo ThinkPad T450S Motherboard w/ Core i7-5600U 2.6GHz CPU & 4GB RAM PC04R9HS,179.99,Pre-Owned,2016
Lenovo,T-series,Lenovo ThinkPad T450S Motherboard w/ Core i7-5600U 2.6GHz CPU & 4GB RAM PC04R9HP,219.99,Pre-Owned,2016
Lenovo,T-series,Lenovo ThinkPad T450S Motherboard w/ Core i7-5600U 2.6GHz CPU & 4GB RAM PC06XBQQ,239.99,Pre-Owned,2016
Lenovo,E-series,Lenovo Thinkpad E440 Laptop Intel i5-4200M 8GB + 500GB 1366x768 Windows 10 Home,222.49,Refurbished,2014
Lenovo,E-series,"LENOVO THINKPAD E440 14"" Laptop Core i3-4000M 2.4GHz 4GB RAM 500GB HDD Win Pro",100.0,Pre-Owned,2014
Lenovo,E-series,Lenovo Thinkpad E440 Laptop i5-4200M 8GB 500GB 1366x768 Win Home,213.59,Refurbished,2014
Lenovo,E-series,"Lenovo ThinkPad Edge E545 (750GB HD, AMD A6-5350M, 2.9GHz, 3GB RAM)",128.48,Pre-Owned,2014
Lenovo,E-series,"Lenovo ThinkPad Edge E540 15.6in. (500GB, Intel Core i3 4th Gen., 2.4GHz, 4GB) ",130.0,Refurbished,2014
Lenovo,E-series,Lenovo ThinkPad Edge E531 Core i3 500gb HDD 6GB Ram Win 10 Pro 64Bit Genuine,75.0,Refurbished,2014
Lenovo,E-series,Lenovo ThinkPad E440 I5 4200M/4GB/320GB 7200RPM HHD/Windows 10 pro,199.0,Pre-Owned,2014
Lenovo,E-series,2-Lenovo Thinkpad E540/i5-4200M 2.50GHz/8G Ram/320G HD/Win10Pro/SEE FULL DETAILS,207.5,Pre-Owned,2014
Lenovo,E-series,Lenovo ThinkPad Edge E431 i5-3230M 2.6GHz 6GB 500GB Win 10 Laptop,184.88,Pre-Owned,2014
Lenovo,E-series,Lenovo ThinkPad E550 Core i5 5th Gen Laptop 500GB HDD 8GB RAM  ,74.99,Refurbished,2014
Lenovo,E-series,"Lenovo ThinkPad E550 15.6"" Intel Core i5-5200U 2.2GHz 8GB Laptop 20DF-0030US",569.0,Pre-Owned,2014
Lenovo,E-series,"Lenovo 14"" ThinkPad E495 Laptop (Black)",149.0,Refurbished,2014
Lenovo,E-series,"Lenovo ThinkPad E450 Intel Core i3-5005U 2GHz 4GB RAM 14"" 500 GB",100.0,Refurbished,2014
Lenovo,E-series,LENOVO THINKPAD E470 | INTEL CORE I5-7200U 2.6GHZ | 1TB | 8GB RAM | NO OS,83.0,Pre-Owned,2014
Lenovo,E-series,"Lenovo ThinkPad E450 14"" Laptop i5 5200U 2.20 GHz 8GB 500 GB Win 10 Computer",129.89,Pre-Owned,2014
Lenovo,E-series,"Lenovo Thinkpad Edge E530 i5-3210M 4GB 500GB DVD 15.6""  Win 10 * Free Shipping *",129.99,Pre-Owned,2014
Lenovo,E-series,"Lenovo ThinkPad E560 15.6"" Black 2015 2.3GHz i5 6th Gen 8GB 500GB Good Condition",220.0,Pre-Owned,2015
Lenovo,E-series,"Lenovo ThinkPad E550 15.6"" Intel Core i5-5200U 2.2GHz 8GB Laptop 20DF-0030US",98.0,Pre-Owned,2015
Lenovo,E-series,Lenovo ThinkPad E450 Core i5 5200U 2.2GHz | 500GB HDD | 4GB RAM |,169.99,Refurbished,2015
Lenovo,E-series,"Lenovo ThinkPad E450, i5-5200U, 2.20GHz, 4GB RAM, 500GB HDD*85",225.0,Pre-Owned,2015
Lenovo,E-series,"LENOVO THINKPAD E555, AMD 10 1.9GHZ, 8GB, 240GB SSD, AMD Radeon R7 M260DX Gfx",258.88,Pre-Owned,2015
Lenovo,E-series,"Lenovo ThinkPad E450 14"" Notebook Computer - SKU#1016128",149.99,Pre-Owned,2015
Lenovo,E-series,"Lenovo ThinkPad E440 14in. (500GB, Intel Core i5 4th Gen., 2.5GHz, 4GB)...",99.0,Pre-Owned,2015
Lenovo,E-series,"LENOVO THINKPAD E555, AMD 10 1.9GHZ, 8GB, 500GB SSD, AMD Radeon R7 M260DX Gfx",799.99,Pre-Owned,2015
Lenovo,E-series,Lenovo ThinkPad E450 | I3-| 4GB RAM | 320GB HDD | Win10 Pro |,495.92,Pre-Owned,2015
Lenovo,E-series,"Lenovo ThinkPad E460 14"" FHD Notebook i7-6500u 2.5GHz 8GB 256GB SSD WiFi BT W10P",399.74,Refurbished,2015
Lenovo,E-series,"LENOVO IBM THINKPAD EDGE E550 Laptop i3, Win 10, 4GB RAM 500GB ",158.4,Refurbished,2015
Lenovo,E-series,Lenovo ThinkPad E460 14 Intel i5-6200u 8GB Ram 192GB SATA III Intel,300.0,Pre-Owned,2016
Lenovo,E-series,"Lenovo ThinkPad E460 14"" HD DC i5-6200U 2.3GHz 4GB 500GB Windows 10",459.99,Refurbished,2016
Lenovo,E-series,Lenovo ThinkPad E460 Intel i3 2.30GHz 4GB Laptop 500GB ,296.01,Pre-Owned,2016
Lenovo,E-series,Lenovo ThinkPad Edge E431 i5-3230M 2.6GHz 6GB 500GB Win 10 Laptop,1123.55,Pre-Owned,2016
Lenovo,E-series,"Lenovo 14"" ThinkPad E495 Laptop (Black)",400.0,Pre-Owned,2016
Lenovo,E-series,"Lenovo ThinkPad E450 Intel Core i3-5005U 2GHz 4GB RAM 14"" 500 GB",69.99,Refurbished,2016
Lenovo,E-series,LENOVO THINKPAD E470 | INTEL CORE I5-7200U 2.6GHZ | 1TB | 8GB RAM | NO OS,100.0,Pre-Owned,2016
Lenovo,E-series,"Lenovo ThinkPad E450 14"" Laptop i5 5200U 2.20 GHz 8GB 500 GB Win 10 Computer",83.0,Pre-Owned,2016
Lenovo,E-series,"Lenovo Thinkpad Edge E430 14""/ i3-3120M @ 2.50GHz /6GB / 500GB /Win 10 / AC",129.89,Pre-Owned,2016
Dell,7-series,#701 Dell Latitude E7240 i7 8GB 128GB SSD Laptop Computer Windows 10 Yellow,477.0,Pre-Owned,2014
Dell,7-series,"Dell Latitude E7440 Intel i7-4600U 2.1GHz 16GB 256GB 14"" Laptop NO OS NO BATTERY",1599.99,Refurbished,2014
Dell,7-series,"DELL LATITUDE E7240 12.5"" i5 4300 1.9GHz 8GB RAM 256GB SSD! WIN 7 PRO GRADE A!",374.0,Refurbished,2014
Dell,7-series,Dell Latitude E7440 Laptop i7-4600U 2.10GHz 256GB SSD 8GB RAM Win10Pro #34962,188.88,Refurbished,2014
Dell,7-series,Dell Latitude 14 7404 Rugged i7-4650U 16GB 2TB SSHD WIN10 OFFICE16 BT 4.0LE ,472.0,Pre-Owned,2014
Dell,7-series,Dell Latitude 12 7204 Core i7 Rugged Extreme Business Laptop 8GB 256GB SSD W10P,398.0,Refurbished,2014
Dell,7-series,"Dell Latitude E7450 14"" FHD IPS Laptop Intel i7-5600U 16GB RAM 500GB SSD WIN10",387.0,Pre-Owned,2014
Dell,7-series,"Dell Latitude E7450 Core i7 Touch Laptop/Notebook, 16GB, 512GB SSD, Win 10 Pro",1599.99,Pre-Owned,2014
Dell,7-series,Dell Latitude E7450 Laptop i7-5600U 2.30GHz 8GB 500GB HDD Win 10 Pro,649.0,Refurbished,2014
Dell,7-series,"Dell Latitude E7470 i7-6600U-2.6GHz-16GB/256GB SSD-Win10-New 14"" FHD-HDMI Laptop",299.0,Refurbished,2014
Dell,7-series,Dell Latitude 14 7404 Rugged Extreme i7-4650U 16GB 1TB SSD WIN10 ,209.98,Pre-Owned,2014
Dell,7-series,"Dell Latitude E7240 12.5"" Laptop Intel i7-4600U 256GB SSD 8GB RAM Windows 10 Pro",449.0,Refurbished,2014
Dell,7-series,"Dell Latitude E7450 14"" FHD Dual Core i7-5600U 2.6GHz 8GB 256GB SSD Windows 10",405.0,Refurbished,2014
Dell,7-series,"Dell Latitude E7450 FHD 14"" Ultra Slim Business Laptop Core i7 8GB 256GB Win 10",447.0,Refurbished,2014
Dell,7-series,"Dell Latitude E7450 FHD 14"" Slim Business Laptop Core i7 8GB 256GB Win 10 Pro CD",949.99,Refurbished,2014
Dell,7-series,"Dell Latitude E7240 12.5"" FHDTouch i7-4600U 2.1GHz 8GB 256 mSata SSD NFG6J A03",1460.0,Refurbished,2014
Dell,7-series,"Dell Latitude E7440 14"" IPS FHD Intel i7-4600U 256GB SSD 8GB RAM Win 10 Pro",265.0,Refurbished,2014
Dell,7-series,Dell Latitude E7240 i7-4600U 256GB SSD 8GB 1080P FHD Touch Win10 Office 2019 ,400.49,Pre-Owned,2014
Dell,7-series,"Dell Latitude E7240 12.5"" i7-4600U 256GB SSD 16GB Webcam 1080P FHD Touch #F10-17",485.45,Refurbished,2014
Dell,7-series,"Dell Latitude E7240 12.5"" HD Intel Core i7-4600U 2.1GHz Laptop NFG6JA03 Parts",484.48,Refurbished,2014
Dell,7-series,Dell Latitude 12 E7240 12in. i5-4310U-CPU 1.9GHz-8GBRAN-128GBSSD-Ultrabook -2014,150.0,Pre-Owned,2014
Dell,7-series,"Dell Latitude E7440 14in. (128GB, Intel Core i5 4th Gen., 1.9GHz, 8GB -2014_ÙÔ",150.0,Pre-Owned,2014
Dell,7-series,"Dell Latitude E7440 14"" (256GB, Intel Core i5-4300U, 1.9GHz, 8GB) Linux Mint",169.0,Pre-Owned,2014
Dell,7-series,Dell Latitude E7440 14in-Intel Core i5 4th Gen-1.9GHz-8GBRAN-128GBSD-2014_ÙÔ,205.5,Refurbished,2014
Dell,7-series,"Dell Latitude E7440 14"" Matte 1.9GHz Core i5 16GB RAM No HDD Windows 8 Pro COA",249.0,Refurbished,2014
Dell,7-series,DELL LATITUDE E7450 ULTRABOOK I5 5300U 2.3GHZ 4GB 128GB SSD WEBCAM Win 10 Refurb,209.99,Pre-Owned,2014
Dell,7-series,"Dell Latitude E7440 14"" Dual Core i5-4310U 2.6GHz 8GB 256GB SD HDD Windows 10",264.99,Refurbished,2014
Dell,7-series,#716 Dell Latitude E7240 i5 8GB 128GB SSD Laptop Computer Windows 10 Rose Gold,169.99,Refurbished,2014
Dell,7-series,Dell Latitude E7450 I5-5300U 2.3GHz 256GB SSD 8GB WIN10PRO #6,649.99,Refurbished,2014
Dell,7-series,Dell Latitude E7450 Ultrabook Intel Core i5-5300U 2.30GHz/8GB/128GB SSD No OS,302.39,Refurbished,2014
Dell,7-series,"Dell Latitude E7450 14"" Laptop - 2.3 GHz i5-5300U 8GB 256GB Cam Wi-Fi Windows 10",156.33,Refurbished,2014
Dell,7-series,Dell Latitude E7440 Laptop PC Core 4th gen I5 8GB RAM 120GB SSD ,150.0,Pre-Owned,2014
Dell,7-series,Dell Latitude E7450 i5  2.3Ghz 4Gb ram 80GBHDSSD Windows 10 home C Grade,160.0,Pre-Owned,2014
Dell,7-series,"Dell Latitude E7440 14"" Laptop PC Core i5-4300U 1.90GHz 128GB SSD 8GB RAM Win 10",149.99,Pre-Owned,2014
Dell,7-series,Dell Latitude E7440 Laptop PC Core 4th gen I5 8GB RAM 120GB SSD  scratches,159.99,Refurbished,2014
Dell,7-series,"Dell Latitude E7440 Ultrabook 14"" Intel i5-4310CPU 2.6 GHz 256GB SSD 8GB ",225.0,Pre-Owned,2014
Dell,7-series,"Dell Latitude 12 Rugged Ext 7204 TOUCH 2-in-1 Convertible, Ci5-4310U, 8GB, 128GB",350.0,Refurbished,2014
Dell,7-series,"Dell Latitude E7450 14"" FHD Laptop, Core i5-5300U 8GB 256GB SSD Windows 10 Pro",625.0,Refurbished,2014
Dell,7-series,Dell Latitude E7450 Core i5-5300U 1920x1080 8GB DDR3 + 128GB SSD Windows 10 Pro,449.0,Refurbished,2014
Dell,7-series,Dell Latitude 14 7404 Rugged Extreme i5-4310U 16GB 2TB SSHD WIN10 OFFICE 16,284.79,Refurbished,2014
Dell,7-series,"ONE Dell Latitude E7240 Laptop Core i5-4310U, WINDOWS 10 PROF",300.0,Pre-Owned,2014
Dell,7-series," Dell Latitude E7250 Ultrabook PC 12.5"" i7 16GB 256GB SSD USB 3.0 AC Backlit Key",339.45,Refurbished,2015
Dell,7-series,Dell Latitude E7450 Touchscreen Laptop i7 5600U 16GB 1TB SSD FHD HDMI Windows 10,589.99,Refurbished,2015
Dell,7-series,DELL LATITUDE E7470 Laptop Computer CORE I7 6th Gen 2.40GH 256SSD 16GB ULTRABOOK,279.99,Pre-Owned,2015
Dell,7-series,Dell Latitude E7450 i7-5600U @2.60 GHz 8 GB Ram 128 GB mSata Win 10 Pro laptop,290.55,Refurbished,2015
Dell,7-series,Dell Latitude 14 7404 Rugged Extreme i7-4650U 16GB 1TB SSD WIN10 ,252.55,Refurbished,2015
Dell,7-series,DELL Latitude 7404 Rugged Extreme i5-4300U 8GB Ram 500GB HDD Windows 7 Or 10 Pro,434.99,Refurbished,2015
Dell,7-series,"Dell Latitude E7450 14"" Touch i7-5600U 512GB SSD 8GB Webcam 1080P FHD Win 10 Pr",279.98,Refurbished,2015
Dell,7-series,Dell Latitude E7450 Laptop Intel  i7-5600U 2.6GHz 1080P 8GB 512GB SSD ,599.0,Refurbished,2015
Dell,7-series,"Dell Latitude E7440 Laptop i7 14"" Dual-Core HT @2.1GHz 8GB-RAM 128GB-SSD HDMI",185.0,Refurbished,2015
Dell,7-series,"Dell Latitude E7250 i7 5600u 2.6Ghz 8Gb Ram 256Gb SSD 12.5"" Ultrabook Win 10",339.0,Refurbished,2015
Dell,7-series,Dell Latitude E7450 FHD 14.0Û Corei7-4600UCPU @ 2.60 GHz 16GB 256GB Windows 7,350.0,Refurbished,2015
Dell,7-series,"Dell Latitude E7450 14"" Matte 2.3GHz Core i5 8GB RAM No HDD Windows 7 Pro COA",169.99,Pre-Owned,2015
Dell,7-series,Dell Latitude 14 7404 Rugged Extreme i7-4650U 16GB 2TB SSD WIN10 OFFICE16 A-GPS,2099.99,Refurbished,2015
Dell,7-series,Dell Latitude E7450 i7-5600U 2.60GHz 8GB Ram 128GB mSata Win10 laptop charger,329.99,Pre-Owned,2015
Dell,7-series,Dell Latitude E7450 Touchscreen Laptop i7 5600U 8GB 1TB SSD FHD HDMI Windows 10,539.99,Refurbished,2015
Dell,7-series,Dell Latitude E7450 Touchscreen Laptop i7 5600U 8GB 256GB SSD HD HDMI Windows 10,439.99,Refurbished,2015
Dell,7-series,Dell Latitude E7450 Touchscreen Laptop i7 5600U 16GB 256GB SSD 1080p Windows 10,479.99,Refurbished,2015
Dell,7-series,Dell Latitude E7450 Touchscreen Laptop i7 5600U 16GB 512GB SSD 1080P Windows 10,529.99,Refurbished,2015
Dell,7-series,Dell Latitude E7450 Touchscreen Laptop i7 5600U 16GB 512GB SSD Windows 10 Pro,549.99,Refurbished,2015
Dell,7-series,Dell Latitude E7450 Touchscreen Laptop i7 5600U 8GB 512GB SSD 1080p Windows 10,459.99,Refurbished,2015
Dell,7-series,Dell Latitude 12 E7240 12in. i5-4310U-CPU 2.0GHz-8GBRAN-256GBSSD-Ultrabook -2015,300.0,Pre-Owned,2015
Dell,7-series,DELL Latitude 7404 Rugged Extreme i5-4300U 8GB 256GB Touch Screen WebCam ,449.99,Pre-Owned,2015
Dell,7-series,"Dell Latitude E7450 Win10Pro 14"" (SSD, Intel i5, 2.3GHz, 16GB RAM) Ultrabook",170.0,Refurbished,2015
Dell,7-series,DELL Latitude 7350 tablet Core M5 256 GB SSD 8GB RAM Touch Screen Windows 10 Pro,225.69,Refurbished,2015
Dell,7-series,Dell Latitude E7450 i5-5300U 2.30GHz Laptop 8GB/512GB ssd/Win10 Pro,250.0,Refurbished,2015
Dell,7-series,DELL LATITUDE E7470 Laptop Computer CORE I5 6th Gen 2.40GHz 256SSD 8GB ULTRABOOK,399.99,Refurbished,2015
Dell,7-series,"DELL Latitude 7350 Laptop/Core M-5Y71 1.2 GHz 240GB SSD 8GB 13"" Touch Windows 10",224.9,Refurbished,2015
Dell,7-series,Dell Latitude E7450 Laptop i5-5300U 2.3GHz 250GB SSD 8GB 1920x1080 Win 10 Pro,239.99,Pre-Owned,2015
Dell,7-series,"Dell Latitude E7240 12.5"" Ultrabook i5 4300U 8GB RAM, 256GB SSD THIN & LIGHT",186.75,Pre-Owned,2015
Dell,7-series,Dell Latitude 14 Rugged Ext 7404 HD TOUCH Laptop Core i5 8GB 128GB SSD Win 10,625.0,Refurbished,2015
Dell,7-series,"Dell Latitude E7450 14"" Laptop Dual Core i5-5300U 2.3GHz 4GB 256GB SSD w/ Win 10",364.99,Pre-Owned,2015
Dell,7-series,DELL Latitude 7404 Rugged Extreme i5-4300U 8GB Ram 500GB HDD Windows 7 Or 10 Pro,449.98,Pre-Owned,2015
Dell,7-series,"DELL LATITUDE E7450 2.30GHz i5, 12GB RAM, 500GB SAMSUNG SSD (PB1010760)",419.99,Pre-Owned,2015
Dell,7-series,Dell Latitude E7450 Core i5-5300U 1920x1080 8GB DDR3 + 128GB SSD Windows 10 Pro,284.79,Refurbished,2015
Dell,7-series,"Dell Latitude E7440 14"" LED Intel i5-4300U 1.9GHz 128GB SSD 8GB Win 10 Ultrabook",219.99,Refurbished,2015
Dell,7-series,"Dell Latitude E7450 14"" Laptop intel Core i5-5300U@2.2GHz 8GB-500 hard drive ",279.0,Refurbished,2015
Dell,7-series,LOT 5 DELL Latitude 7404 Rugged Extreme i5-4300U 8GB 256GB Touch Camera Backlit,2249.95,Pre-Owned,2015
Dell,7-series,"Dell Latitude E7250 i7 5600u 2.6Ghz 8Gb Ram 256Gb SSD 12.5"" Ultrabook Win 10",725.0,Refurbished,2015
Dell,7-series,"Dell Latitude e7470 14"" i7, 16GB, 512GB SSD, Laptop, Win 10pro, Office 2016 pro",389.0,Pre-Owned,2016
Dell,7-series,Dell Latitude E7470  I7 6th gen 2.6/ 16GB/ 256GB / Win 10/Office 2016,373.0,Refurbished,2016
Dell,7-series,"Dell Latitude E7470 14"" Intel i7-6600U 16GB RAM 512GB SSD Win10 Pro Backlit HDMI",400.0,Refurbished,2016
Dell,7-series,"Dell Latitude E7450 14"", Intel Core i7, 8GB RAM, 256GB SSD Laptop .99 NO RESERVE",399.95,Pre-Owned,2016
Dell,7-series,"DELL LATITUDE E7440 i7-4600U@2.10~3.30GHz 8GB RAM WEBCAM 128GB SSD WEBCAM , MORE",240.99,Refurbished,2016
Dell,7-series,Dell Latitude E7470 i7-6600U QHD 2560x1440 Touchscreen 8GB 512GB SSD,319.99,Pre-Owned,2016
Dell,7-series,Dell Latitude 14 7414 Rugged Extreme i7-6600U 32GB 2TB SSHD A-GPS 4G LTE WIN10,350.0,Refurbished,2016
Dell,7-series,Dell Latitude 14 7414 Rugged Extreme Laptop i7-6600U 32GB 2TB A-GPS 4G LTE WIN10,290.0,Refurbished,2016
Dell,7-series,Dell Latitude 12 7214 Rugged Extreme i7-6600U 32GB 2TB SSD WIN10 OFFICE16 BT,649.0,Refurbished,2016
Dell,7-series,Dell Latitude E7470 i7-6600U QHD 2560x1440 Touch 16GB 512GB SSD Backlit KB #5,2599.99,Pre-Owned,2016
Dell,7-series,"Dell Latitude e7470 14"" i7, 16GB, 256gB SSD, Laptop, Win 10pro,",699.0,Refurbished,2016
Dell,7-series,Dell Latitude E7470 i7-6600U 2.60GHz 256GB SSD 16GB RAM - Active Warranty #34977,264.99,Pre-Owned,2016
Dell,7-series,Dell Latitude E7470  i7-6600U 2.6ghz 8gb 512GB SSD Windows 10 Office 16 WARRANTY,629.0,Pre-Owned,2016
Dell,7-series,Dell Latitude E7450 Dual Core i7-5600U 2.60GHz 256GB SSD 16GB RAM Win10P #34951,350.0,Pre-Owned,2016
Dell,7-series,"Dell Latitude 7370 13.3"" Laptop M5 1.1GHz FHD 8GB Ram 256GB HD Windows 10 3C7XP",370.0,Pre-Owned,2016
Dell,7-series,Dell Latitude E7470 Business Ultrabook 14 Inch i7-6600U 16GB DDR4 Windows 10 Pro,275.0,Refurbished,2016
Dell,7-series,"Dell Latitude E7450 14""-FHD Touch Ultrabook Core i7 8GB 512GB SSD Windows 10 Pro",449.99,Refurbished,2016
Dell,7-series,Dell Latitude E7470 Core i7 Light Business Laptop 8GB 1TB SSD Win10 Pro Warranty,439.0,Refurbished,2016
Dell,7-series,"Dell Latitude E7470 Core i7-6600U 16GBRAM DDR4 256SSD 14"" 2650x1440 Touchscreen",325.0,Pre-Owned,2016
Dell,7-series,"Dell Latitude E7470 14"" Intel Core i7-6600U / 8GB RAM / 256GB SSD / WIN10 Pro",820.0,Pre-Owned,2016
Dell,7-series,Dell Latitude E7270 i7 6600u 256gb SSD 8GB RAM,350.0,Refurbished,2016
Dell,7-series,"Dell Latitude 3000 3590 15.6"" Lcd Notebook - Intel Core I3 [7th Gen] I3-7130u",449.1,Pre-Owned,2016
Dell,7-series,Dell Latitude 7275 12.5 UltraHD 3840x2160 Touch MY-6Y57 4Gb 180GB 7K4BQ72 *NO OS,799.99,Refurbished,2016
Dell,7-series,Dell Latitude E7470 FHD Core i7 Light Business Laptop 8GB 512GB SSD Win 10 Pro,429.99,Refurbished,2016
Dell,7-series,"Dell Latitude E7470 14"" Ultrabook 2.60GHz i7 [6600U] 8GB 256GB SSD  A++++/War",549.0,Pre-Owned,2016
Dell,7-series,Dell Latitude 12 Rugged Extreme 7214 i7-6600U 2.6Ghz 8GB 128GB LTE BAD TOUCH,889.99,Pre-Owned,2016
Dell,7-series,"Dell Latitude E7470 14"" QHD Touch Laptop Core i7 8GB 512GB SSD Windows 10 Pro",799.0,Pre-Owned,2016
Dell,7-series,DELL LATITUDE E7270 | INTEL CORE I5-6300 2.40GHZ | 128GB | 16GB RAM | NO OS,200.0,Pre-Owned,2016
Dell,7-series,Dell Latitude E7470 Laptop Intel Core i5-6300U 8GB 256GB SSD Windows 10 Home,1449.99,Refurbished,2016
Dell,7-series,Dell Latitude 14 7414 Rugged Extreme Laptop i5-6300U 32GB 2TB A-GPS 4G LTE WIN10,250.0,Refurbished,2016
Dell,7-series,"Dell Latitude E7470 14"" Intel i5-6300U 16GB RAM 500GB SSD Win10 Pro Backlit HDMI",2499.99,Pre-Owned,2016
Dell,7-series,"Dell Latitude E7270 i5-6300U 2.4GHz 8GB 256GB SSD 12.5""WebCam Windows 10 B Grade",225.0,Refurbished,2016
Dell,7-series,"Dell Latitude 7370 13.3"" Laptop M5 1.1GHz FHD 8GB Ram 256GB HD Windows 10 3C7XP",299.99,Pre-Owned,2016
Dell,7-series,Dell Latitude E7470 i7-6600U QHD 2560x1440 Touch 16GB 512GB SSD Backlit KB #5,299.99,Pre-Owned,2016
Dell,7-series,Dell Latitude E7470 Ultrabook Intel Core i5-6300U 2.40GHz/8GB/256GB SSD No OS,481.99,Refurbished,2016
Dell,7-series,Dell Latitude 12 7214 Rugged Extreme i5-6300U 16GB 1TB SSD WIN10 OFFICE16 ,300.0,Pre-Owned,2016
Dell,7-series,Dell Latitude 12 7000 7275 Laptop 59C32 Intel m5 8GB Ram 256GB SSD HD Win 10 Pro,199.99,Refurbished,2016
Dell,7-series,Dell Latitude 7275 12.5 Touchscreen Tablet M5 6Y57 8Gb 256GB 83WNK72 *NO OS,539.99,Refurbished,2016
Dell,7-series,"Dell Latitude E7470 14"" Core i5-6300U 8GB RAM 256GB SSD WIndows 10",120.0,Pre-Owned,2016
Dell,7-series,"Dell Latitude E7270 12.5"" Ultrabook i5-6300U 2.40GHz 8GB SDRAM 256GB SSD NXH27",199.99,Pre-Owned,2016
Dell,7-series,Dell Latitude E7470 Ultrabook core i5 6300u 2.40ghz 8gb 128GB SSD win 10 Webcam,649.99,Pre-Owned,2016
Dell,7-series,Dell Latitude E7470 Core i5-6300U 8GB RAM + 128GB SSD 1366x768 Windows 10 Pro,320.38,Refurbished,2016
Dell,7-series,Dell Latitude E7470 Ultrabook Intel Core i5 16GB RAM 256GB SSD Win 10 1920x1080,325.0,Pre-Owned,2016
Dell,7-series,"DELL LATITUDE E7470 - 8 GB RAM- INTEL CORE I5-6300U@2.4 GHZ, 240SSD (GP1019383)",135.0,Pre-Owned,2016
Dell,7-series,"Dell Latitude Rugged Tablet 7214 Touch i5-6300U 8GB No HDD No Caddy 12"" GRADE A",479.95,Pre-Owned,2016
Dell,7-series,Dell Latitude 12 Rugged Extreme 7204 i7-4650U 1.7Ghz 8GB 256GB BAD TOUCHSCREEN,394.99,Pre-Owned,2014
Dell,7-series,"Dell Latitude E7440 Intel Core i7-4600U 2.10GHz 8GB 256GB HDD 14"" Laptop *No OS*",199.99,Pre-Owned,2014
Dell,7-series,Dell Latitude E7440 Dual Core i7-4600U 2.10GHz 256GB SSD 8GB RAM Win10Pro #34963,220.0,Pre-Owned,2014
Dell,7-series,Dell Latitude 12 7204 Rugged Extreme i7-4650U 16GB 2TB SSD WIN10 OFFICE16 GPS,1699.99,Refurbished,2014
Dell,7-series,Dell Latitude 12 7204 Rugged Extreme i7-4650U 16GB 1TB SSD WIN10 OFFICE16 ,1399.99,Refurbished,2014
Dell,7-series,Dell Latitude 12 7204 Rugged Extreme i7-4650U 16GB 256GB SSD WIN10 OFFICE16 ,1299.99,Refurbished,2014
Dell,7-series,Dell Latitude 12 7204 Rugged i7-4650U 16GB 1TB SSD WIN10 OFFICE16 MAN REF,1399.99,Refurbished,2014
Dell,7-series,"Dell Latitude E7450 14"" Laptop Intel Core i5 (5200U) 2.2GHz 4GB DDR3 320GB HDD",347.81,Refurbished,2014
Dell,7-series,Dell Latitude 12 Rugged Extreme 7204 i5-4310U 2Ghz 8GB 256GB BAD TOUCHSCREEN,394.99,Pre-Owned,2014
Dell,7-series,Dell Latitude E7440 Ultrabook i5 2GHz 16GB 512GB SSD Win 10 Pro Certified Refurb,369.99,Refurbished,2014
Dell,7-series,"Dell Latitude E7450 14"" FHD Laptop Core i5-5300U 8GB 256GB SSD Windows 10 Pro",190.0,Refurbished,2014
Dell,7-series,Dell Latitude E7240 Ultrabook Core i5-4300U CPU@1.90 GHz 128GB 8GB,120.0,Pre-Owned,2014
Dell,7-series,Dell Latitude E7450 FHD 14.0Û Corei5-5300UCPU @ 2.30 GHz 16GB 256GB Windows 10,249.95,Pre-Owned,2014
Dell,7-series,"TWO Dell Latitude E7250 Ultrabook Core i5-5300U CPU@2.30 GHz 256GB 8GB, READ!",249.0,Pre-Owned,2014
Dell,7-series,"Dell Latitude E7450 Laptop/Notebook Intel Core i5, 8GB, 256GB SSD Windows 10 Pro",347.16,Refurbished,2014
Dell,7-series,Dell Latitude E7440 Ultrabook i5-4310U 1.9GHz 10GB 128GB SSD Win10 ,198.0,Refurbished,2014
Dell,7-series,Dell Latitude E7450 I5-5300U 2.3GHz 256GB SSD 8GB WIN10PRO #5,149.99,Pre-Owned,2014
Dell,7-series,"B GRADE DELL Latitude E7450 14"" Laptop i5-5200U 2.2GHz 8GB 128GB SSD Windows 10",525.0,Pre-Owned,2014
Dell,7-series,Dell Latitude E7450 i5-5300U 2.3Ghz 4Gb ram 80GBHDSSD Windows 10 home C Grade,369.99,Pre-Owned,2014
Dell,7-series,Dell Latitude E7450 i5-5300U 2.3Ghz 4Gb ram 80GBHDSSD Windows 10 home D Grade,240.95,Pre-Owned,2014
Dell,7-series,"Dell Latitude 12 Rugged Ext 7204 2-in-1 Convertible, Core i5, 8GB, 128GB SSD",299.99,Refurbished,2014
Dell,7-series,"Dell Latitude E7440 14"" Laptop i5-4300U 128G SSD 8GB RAM Windows 10 Professional",647.1,Refurbished,2014
Dell,7-series,A-Ware dell Latitude E7440 256GB-SSD+2000GB 8GB Full-Hd-Ips i5-4310U,249.99,Refurbished,2014
Dell,7-series,A-Ware dell Latitude E7440 1000 Gb-Ssd 8GB Full HD i5-4300U Battery New,474.39,Refurbished,2014
Dell,7-series,Dell Latitude E7440 i5-4300U 240GB-SSD 8GB FHD Full-Hd-Ips Win10,430.16,Refurbished,2014
Dell,7-series,A-Ware dell Latitude E7440 128GB-SSD+2000GB 8GB Full-Hd-Ips i5-4300U,349.0,Refurbished,2014
Dell,7-series,"Dell Latitude E7450 i5-5300u 8GB 256GB SSD,HDMI 1920x1080 Win 10 Office 2019 Pro",547.05,Pre-Owned,2015
Dell,7-series,A-Ware dell Latitude E7450 i5-5300U 1000GB-SAMSUNG-SSD 8GB Fullhd-Ips,772.95,Refurbished,2015
Dell,7-series,Dell Latitude E7450 FHD 14.0Û Corei5-5300UCPU @ 2.30 GHz 16GB 500GB Windows 10,74.0,Pre-Owned,2015
Dell,7-series,Dell Latitude 14 Rugged Ext 7404 HD TOUCH Laptop Core i5 8GB 256GB SSD Win 10,175.0,Refurbished,2015
Dell,7-series,DELL Latitude 7350 tablet Core M5 256 GB SSD 8GB RAM Touch Screen Windows 10 Pro,204.27,Refurbished,2015
Dell,7-series,DELL Latitude 7350 Laptop tablet Core M5 1.2GHz 256GB SSD 8GB touch Windows 10,216.59,Refurbished,2015
Dell,7-series,DELL Latitude 7350 tablet Core M-5Y71 1.20GHz 256GB SSD 8GB Touch Windows 10 Pro,231.54,Refurbished,2015
Dell,7-series,DELL Latitude 7350 tablet Core M-5Y71 1.2 GHz 256GB SSD 8GB Touch Windows 10 Pro,229.55,Refurbished,2015
Dell,7-series,10x DELL Latitude 7404 Rugged Extreme i5-4300U 8GB 256GB Touch Screen WebCam ,249.99,Pre-Owned,2015
Dell,7-series,DELL Latitude 7350 tablet Core M5 256GB SSD 8GB RAM TouchScreen Windows 10 x64,213.52,Refurbished,2015
Dell,7-series,DELL Latitude 7350 tablet Core M-5Y71 1.2 GHz 120GB SSD 8GB Touch Windows 10 x64,221.77,Refurbished,2015
Dell,7-series,"DELL Latitude 7350 tablet Core M-5Y71 1.2 GHz 256GB SSD 8GB 13"" Touch Windows 10",231.94,Pre-Owned,2015
Dell,7-series,DELL Latitude 7350 intel Core M-5Y71 1.2 GHz 256GB SSD 8GB Touch Windows 10 Pro,223.02,Refurbished,2015
Dell,7-series,DELL Latitude 7350 tablet Core M5 1.2 GHz 240GB SSD 8GB Touch Windows 10 Pro,226.13,Refurbished,2015
Dell,7-series,DELL Latitude 7350 tablet Core M-5Y71 1.2 GHz 240GB SSD 8GB Touch Windows 10 Pro,175.0,Refurbished,2015
Dell,7-series,"DELL Latitude 7350 Laptop/Core M-5Y71 1.20GHz 240GB SSD 8GB 13"" Touch Windows 10",216.99,Refurbished,2015
Dell,7-series,"DELL Latitude 7350 Laptop/Core M-5Y71 1.2 GHz 128GB SSD 8GB 13"" Touch Windows 10",225.0,Refurbished,2015
Dell,7-series,"DELL Latitude 7350 Laptop/Core M-5Y71 1.20GHz 128GB SSD 8GB 13"" Touch Windows 10",217.42,Refurbished,2015
Dell,7-series,DELL Latitude 7350 tablet Core M-5Y71 1.2 GHz 120GB SSD 8GB Touch Windows 10 Pro,225.0,Refurbished,2015
Dell,7-series,DELL Latitude 7350 tablet Core M-5Y71 1.2GHz 240GB SSD 8GB Touch Windows 10 Pro,225.0,Refurbished,2015
Dell,7-series,"Dell Latitude E7450 14"" Laptop Dual Core i5-5300U 2.3GHz 8GB 256GB SSD w/ Win 10",222.34,Pre-Owned,2015
Dell,7-series,"Dell Latitude 7350 13.3"" Touch Intel M-5Y71 1.20 8GB 250GB SSD Win 10",224.94,Refurbished,2015
Dell,7-series,DELL Latitude 7350 tablet Core M-5Y71 1.20GHz 240GB SSD 8GB Touch Windows 10 Pro,225.0,Refurbished,2015
Dell,7-series,DELL Latitude 7350 tablet Core M-5Y71 1.20GHz 240GB SSD 8GB Touch Windows 10 Pro,495.11,Refurbished,2015
Dell,7-series,A-Ware dell Latitude E7450 i5-5300U 256GB-SSD16GB Fullhd-Ips Akku-Neuwertig,225.0,Refurbished,2015
Dell,7-series,Dell Latitude E7450 i5-5300U 256GB-SSD 8GB Fullhd-Ips Akku-Neuw,200.0,Refurbished,2015
Dell,7-series,Dell Latitude 12 Rugged Extreme 7214 i7-6600U 2.6Ghz 8GB 128GB LTE BAD TOUCH,574.99,Pre-Owned,2016
Dell,7-series,Dell Latitude Rugged Tablet 7214 i7-6600U 2.6GHz 8GB 256SSD WIN10 CAM Non Touch ,1599.99,Refurbished,2016
Dell,7-series,Dell Latitude E7470 i7 6600U|256GB SSD| 32GB| Fullhd-Ips| Battery New |,1104.69,Refurbished,2016
Dell,7-series,Dell Latitude Laptop E7470Core i7-6600U@2.6GHz DDR4 8GB SDRAM No OS for Parts,309.99,Pre-Owned,2016
Dell,7-series,Dell Latitude 14 7414 Rugged Extreme Laptop i7-6600U 32GB 2TB SSD A-GPS 4G LTE ,1999.99,Refurbished,2016
Dell,7-series,Dell Latitude 12 7214 Rugged Extreme i7-6600U 32GB 2TB SSD WIN10 OFFICE16 SL12,629.0,Refurbished,2016
Dell,7-series,Dell Latitude E7470 i7-6600U QHD 2560x1440 Touch 16GB 512GB SSD Backlit KB #5,529.0,Refurbished,2016
Dell,7-series,Dell Latitude E7470 i7-6600U QHD 2560x1440 Touchscreen 8GB 512GB SSD Backlit KB,360.0,Refurbished,2016
Dell,7-series,Dell Latitude E7470 i7-6600U 2.60GHz 256GB SSD 16GB RAM - Active Warranty #34981,340.0,Pre-Owned,2016
Dell,7-series,Dell Latitude E7470 i7-6600U 2.60GHz 256GB SSD 16GB RAM Warranty -Battery #34970,370.0,Pre-Owned,2016
Dell,7-series,Dell Latitude E7470 i7-6600U 2.60GHz 256GB SSD 16GB RAM - Active Warranty #34969,570.0,Pre-Owned,2016
Dell,7-series,Dell Latitude E7470 FHD Core i7 Light Business Laptop 8GB 512GB SSD Win 10 Pro,499.0,Refurbished,2016
Dell,7-series,"Dell Latitude E7450 14"" FHD Touch Ultrabook Core i7 8GB 512GB SSD Windows 10 Pro",275.0,Refurbished,2016
Dell,7-series,Dell Latitude E7450 Dual Core i7-5600U 2.60GHz 256GB SSD 16GB RAM Win10P #34951,370.0,Pre-Owned,2016
Dell,7-series,Dell Latitude E7470 i7-6600U 2.60GHz 256GB SSD 16GB RAM - Active Warranty #34978,330.0,Pre-Owned,2016
Dell,7-series,Dell Latitude E7470 i7-6600U 2.60GHz 256GB SSD 16GB RAM Warranty - READ #34975,285.0,Pre-Owned,2016
Dell,7-series,Dell Latitude E7450 Laptop i7-5600U 2.60GHz 256GB SSD 16GB RAM -Warranty- #34961,250.0,Pre-Owned,2016
Dell,7-series,Dell Latitude E7450 Dual Core i7-5600U 2.60GHz 256GB SSD 16GB RAM - READ #34867,250.0,Pre-Owned,2016
Dell,7-series,Dell Latitude E7450 Dual Core i7-5600U 2.6GHz 16GB 256GB SSD Win10 - READ #34958,270.0,Pre-Owned,2016
Dell,7-series,Dell Latitude E7450 Laptop Dual Core i7-5600U 2.60GHz 256GB SSD 16GB RAM #34949,335.0,Pre-Owned,2016
Dell,7-series,Dell Latitude E7470 i7-6600U 2.60GHz 256GB SSD 16GB Warranty - No Battery #34967,265.0,Pre-Owned,2016
Dell,7-series,Dell Latitude E7450 Dual Core i7-5600U 2.60GHz 256GB SSD 16GB RAM - READ #34865,370.0,Pre-Owned,2016
Dell,7-series,Dell Latitude E7470 i7-6600U 2.60GHz 256GB SSD 16GB RAM - Active Warranty #34973,340.0,Pre-Owned,2016
Dell,7-series,Dell Latitude E7470 i7-6600U 2.6GHz 256GB SSD 16GB RAM Warranty - BATTERY #34971,270.0,Pre-Owned,2016
Dell,7-series,Dell Latitude E7450 Dual Core i7-5600U 2.60GHz 16GB 256GB SSD Win10Pro #34946,270.0,Pre-Owned,2016
Dell,7-series,Dell Latitude E7450 Dual Core i7-5600U 2.60GHz 16GB 256GB SSD Win10Pro #34942,270.0,Pre-Owned,2016
Dell,7-series,Dell Latitude E7450 Laptop Dual Core i7-5600U 2.60GHz 256GB SSD 16GB RAM #34955,275.0,Pre-Owned,2016
Dell,7-series,Dell Latitude E7450 Laptop i7-5600U 2.60GHz 256GB SSD 16GB RAM Win 10 Pro #34944,285.0,Pre-Owned,2016
Dell,7-series,Dell Latitude E7450 Laptop i7-5600U 2.60GHz 256GB SSD 16GB RAM Win 10 Pro #34956,2499.99,Pre-Owned,2016
Dell,7-series,Dell Latitude E7450 Dual Core i7-5600U 2.6GHz 16GB 256GB SSD Win10 - READ #34959,265.01,Pre-Owned,2016
Dell,7-series,Dell Latitude E7450 Dual Core i7-5600U 2.60GHz 16GB 256GB SSD Win10Pro #34945,275.0,Pre-Owned,2016
Dell,7-series,Dell Latitude E7450 Dual Core i7-5600U 2.60GHz 16GB 256GB SSD Win10Pro #34948,270.0,Pre-Owned,2016
Dell,7-series,Dell Latitude E7450 Dual Core i7-5600U 2.60GHz 16GB 256GB SSD Win10Pro #34947,340.0,Pre-Owned,2016
Dell,7-series,Dell Latitude E7470 i7-6600U 2.60GHz 256GB SSD 16GB RAM Warranty - READ #34974,275.0,Pre-Owned,2016
Dell,7-series,Dell Latitude E7450 Dual Core i7-5600U 2.60GHz 16GB 256GB SSD Win10Pro #34953,1060.46,Pre-Owned,2016
Dell,7-series,Dell Latitude E7470 i7 6600|1000GB NVME SSD| 8GB| Fullhd-Ips| Battery New |,1215.27,Refurbished,2016
Dell,7-series,"Dell Latitude E7470 14"" i5-6300 2.4GHz 16GB 256GB SSD Win10P WRTY 2020 *GRADE A*",640.0,Pre-Owned,2016
Dell,7-series,"14"" Dell Latitude E7450 2.30GHz i5-5300U 8GB 256GB SSD Win10 Pro Office MINT",389.99,Pre-Owned,2016
Dell,7-series,Dell Latitude E7270 Core i5-6300U 8GB DDR4 (1x8GB) 256GB SSD Windows 10 Pro,391.59,Refurbished,2016
Dell,7-series,Dell Latitude 7214 Rugged HD 2-in-1 Laptop Tablet Core i5-6300U 8GB 128GB SSD,599.0,Refurbished,2016
Dell,7-series,Dell Latitude 7214 Rugged HD Laptop Intel Core i5-6300U 2.40GHz 8GB 128GB SSD,549.0,Refurbished,2016
Dell,7-series,"Dell Latitude E7470 14"" Laptop Dual Core i5-6300U 2.4GHz 8GB 512GB SSD w/Win 10",406.99,Pre-Owned,2016
Dell,7-series,"Dell Latitude E7270 Ultrabook 12.5"" HD+ DC i5-6300U 2.4GHz 8GB 256GB Windows 10",379.99,Pre-Owned,2016
Dell,7-series,Dell Latitude E7470 Ultrabook 14 HD+ DC i5-6300U 2.4GHz 8GB RAM 256GB Windows 10,419.99,Refurbished,2016
Dell,7-series,Dell Latitude 12 Rugged Extreme 7214 i5-6300U 2.4Ghz 8GB 256GB LTE BAD TOUCH,549.99,Refurbished,2016
Dell,7-series,Dell Latitude 7214 HD 2-in-1 TOUCH Laptop Tablet Core i5-6300U 32GB 512GB SSD,1049.0,Refurbished,2016
Dell,7-series,Dell Latitude Rugged Tablet 7214 i5-6300U 8G 256SSD WIN10 Non Touch GRADE C,399.99,Refurbished,2016
Dell,7-series,Dell Latitude E7470 i5-6300 256GB-SSD 32GB Fullhd-Ips Battery New Beltastde,1169.0,Refurbished,2016
Dell,7-series,"Dell Latitude E7450 14"" Laptop 2.3GHz Core i5 5300U | 8gb DDR3 | 256gb SSD WIN10",130.0,Pre-Owned,2016
Dell,7-series,Dell Latitude E7450 i5-5300U 2.30GHz 256GB SSD 8GB RAM Backlit Key READ #34617,249.0,Pre-Owned,2016
Dell,7-series,Dell Latitude 7275 12.5-Inch FHD Touchscreen Tablet M5 6Y57 4Gb 256GB *NO OS,130.0,Pre-Owned,2016
Dell,7-series,Dell Latitude 12 7000 7275 Laptop Intel m5 8GB Ram 256GB SSD HD Win 10 Pro 59C32,319.99,Refurbished,2016
Dell,7-series,Dell Latitude E7470 Ultrabook core i5 6300u 2.40 ghz 8gb 256GB SSD 10 Pro Webcam,334.22,Refurbished,2016
Dell,7-series,Dell Latitude E7470 Ultrabook core i5 6300u 2.40ghz gb 256GB SSD 10 Pro Webcam,309.99,Refurbished,2016
Dell,7-series,Dell Latitude CT0 7275 12.5 FHD TSP Tablet M5 6Y57 8Gb 256GB 89XNR72 *NO OS,1799.99,Pre-Owned,2016
Dell,7-series,Dell Latitude E7450 i5-5300U 256GB-SSD16GB Fullhd-Ips Akku-Neuwertig,496.5,Refurbished,2015
Dell,7-series,A-Ware dell Latitude E7450 i5-5300U 512GB-SSD 16GB Full-Hd-Ips Akku-Gut,514.4,Refurbished,2015
Dell,7-series,A-Ware Dell Latitude E7450 i5 5300U|512GB SAMSUNG SSD| 16GB| Fullhd-Ips| Battery,608.19,Refurbished,2015
Dell,7-series,Dell Latitude E7450 i5-5300U 1000GB-SSD 8GB Full-Hd-Ips Battery New Bel.tastde,518.62,Refurbished,2015
Dell,7-series,Dell Latitude E7450 i5-5300U 512GB-SAMSUNG-SSD 8GB Fullhd-Ips Battery New,525.26,Refurbished,2015
Dell,7-series,A-Ware Dell Latitude E7450 i5-5300U 512GB-SSD16GB Fullhd-Ips Akku-Gut,529.68,Refurbished,2015
Dell,7-series,A-Ware dell Latitude E7450 i5-5300U 1000GB-SSD 8GB Fullhd-Ips Battery New,496.5,Refurbished,2015
Dell,7-series,"Dell Latitude E7470 14"" Laptop Core i5-6300U 2.4GHz - 8GB - 256GB SSD w/Win 10",394.99,Pre-Owned,2016
Dell,7-series,Dell Latitude 12 Rugged Extreme 7214 i5-6300U 2.4Ghz 8GB 256GB LTE BAD TOUCH,549.99,Refurbished,2016
Dell,7-series,Dell Latitude E7470 i5 6300|1000GB SSD NVME| 32GB| Fullhd-Ips| Battery New |,1056.04,Refurbished,2016
Dell,7-series,Dell Latitude CT0 7275 12.5 FHD TSP Tablet M5 6Y57 8Gb 256GB 89XNR72 *NO OS,299.0,Pre-Owned,2016
Dell,7-series,"Dell Latitude E7470 14"" Laptop Dual Core i5-6300U 2.4GHz 8GB 256GB SSD w/Win 10",394.99,Pre-Owned,2016
Dell,7-series,Dell Latitude Rugged NON TOUCH 7214 i5 6300U No HDD No Caddy 8GB CAM GRADE B,799.99,Refurbished,2016
Dell,7-series,Dell Latitude Rugged Tablet NON TOUCH 7214 i5-6300U 256SSD WIN10 8GB CAM GRADE B,899.99,Refurbished,2016
Dell,7-series,Dell Latitude E7470 i5-6300U 1000GB-SSD 16GB Fullhd-Ips Battery New,806.13,Refurbished,2016
Dell,7-series,Dell Latitude E7470 i5-6200 512GB-SSD 0.3oz Fullhd-Ips Battery New Beltastde,570.34,Refurbished,2016
Dell,7-series,Dell Latitude E7470 i5-6200 9oz-SSD 8GB Fullhd-Ips Battery New Beltastde,651.32,Refurbished,2016
Dell,7-series,Dell Latitude E7470 i5-6300U|500GB-SSD-NVME| 16GB| Fullhd-Ips| Battery New,883.53,Refurbished,2016
Dell,5-series,Dell Latitude Rugged 5404 - i7-4650U - 8GB RAM - 128GB SSD,299.0,Refurbished,2014
Dell,5-series,"Dell Latitude 5404 Rugged 14"" i7-4650U 1.7GHz 8GB 256GB SSD Touchscreen GT 720M",250.0,Pre-Owned,2014
Dell,5-series,Dell Latitude 5404 Rugged Extreme Laptop i7-4650U 16GB 2TB SSD HD WIN10 NVIDIA,479.99,Refurbished,2014
Dell,5-series,Dell Latitude 14 Rugged 5404 Core i7 1.70GHz 360GB SSD 8GB Win 10 Pro x64 camera,427.0,Pre-Owned,2014
Dell,5-series,#717 Dell Latitude E5440 i7 8GB 128GB SSD Laptop Computer Windows 10 Blue,279.95,Refurbished,2014
Dell,5-series,Dell Latitude 5404 Rugged Extreme Laptop i7-4650U 8GB 2TB SSHD HD WIN10 NT,429.0,Refurbished,2014
Dell,5-series,Dell Latitude E5540 256GB SSD 8GB RAM Core i7 4600u 2.1GHz Win10 1366x768 #110,299.99,Refurbished,2014
Dell,5-series,Dell Latitude E5540  Intel Core i7-4600U 8GB 1TB HDD Windows 10 Home,518.0,Pre-Owned,2014
Dell,5-series,Dell Latitude E5440 i7 8GB 240G SSD DVD+RW HDMI WebCam Win 10 Office 2019 Dock,425.0,Refurbished,2014
Dell,5-series,Dell Latitude E5540 Laptop 15.6 HD i7-4600U 2.70GHz 8GB RAM 128GB HDD NVIDIA W10,529.68,Refurbished,2014
Dell,5-series,"Dell Latitude E5440 14in Laptop, Core i7-4600U 2.1GHz, 8GB RAM, 256GB Solid S...",185.0,Pre-Owned,2014
Dell,5-series,"DELL LATITUDE E5540 15.6"" i7-4600U @2.10GHz  8GB RAM NO HDD Boots BIOS W29",309.0,Refurbished,2014
Dell,5-series,"Dell Latitude E5440 i5-4300U, 8GB, 240GB SSD, 14"" HD  &  Windows 10 Pro (1903)",199.0,Pre-Owned,2014
Dell,5-series,#718 Dell Latitude E5440 i5 8GB 128GB SSD Laptop Computer Windows 10 Green,225.0,Pre-Owned,2014
Dell,5-series,Dell Latitude 5404 Rugged Extreme Laptop i5-4310U 8GB 2TB SSHD HD WIN10 Man-Ref,280.0,Pre-Owned,2014
Dell,5-series,Dell Latitude 14 Rugged 5404 Core i5 2GHz 240GB SSD 8GB Win 10 Pro webcam DVDRW,189.0,Pre-Owned,2014
Dell,5-series,Dell Latitude E5440 2.00GHZ intel Core i5 500GB DVD 8GB DVD Windows 10 64 bit,211.0,Pre-Owned,2014
Dell,5-series,"Dell Latitude E5440 Laptop i5 1.9Ghz 4GB 500GB 14"" Windows 10",199.0,Pre-Owned,2014
Dell,5-series,Dell Latitude 5404 Rugged Extreme Laptop i5-4310U 8GB 2TB SSHD WIN10 Touchscreen,215.0,Pre-Owned,2014
Dell,5-series,DELL LATITUDE LAPTOP E5440 I5-4300U (2.90 MAX TURBO) 8G 160GB SSD WINDOWS 10 Pro,649.99,Refurbished,2014
Dell,5-series,Dell Latitude E5440 i5-4300U / 8GB RAM / 500 HDD / Win10,224.99,Refurbished,2014
Dell,5-series,#660 Dell Latitude E5440 i5 8GB 128GB SSD Laptop Computer Windows 10 Rose Gold,289.99,Refurbished,2014
Dell,5-series,#720 Dell Latitude E5440 i5 8GB 128GB SSD Laptop Computer Windows 10 Blue,229.99,Refurbished,2014
Dell,5-series,"DELL Latitude E5440 i3-4010U 1.7GHz 4GB RAM 128GB SSD 14"" Windows 10 Pro Laptop",160.0,Pre-Owned,2014
Dell,5-series,FAST DELL LATITUDE LAPTOP E5440 I5-4300U (2.90 MAX TURBO) 8GB 160GB SSD WIN 10,127.5,Pre-Owned,2014
Dell,5-series,#664 Dell Latitude E5440 i5 8GB 128GB SSD Laptop Computer Windows 10 Yellow,269.99,Refurbished,2014
Dell,5-series,#719 Dell Latitude E5440 i5 8GB 128GB SSD Laptop Computer Windows 10 Gold,225.0,Pre-Owned,2014
Dell,5-series,"Dell Latitude E5440 14"" Intel Core i5 4300U 1.9GHz 8GB 128GB SSD Win 10 pro",399.0,Refurbished,2014
Dell,5-series,Dell Latitude Rugged 5404 HD Core i5 Business Laptop 8GB 128GB SSD Win 10 Pro,135.0,Pre-Owned,2014
Dell,5-series,#702 Dell Latitude E5440 i5 8GB 128GB SSD Laptop Computer Windows 10 Orange,215.0,Pre-Owned,2014
Dell,5-series,#661 Dell Latitude E5440 i5 8GB 128GB SSD Laptop Computer Windows 10 Red,225.0,Pre-Owned,2014
Dell,5-series,"Dell Latitude E5440 14"" i5-4210U 1.70GHz/8GB/128GB SSD+500GB HDD/Win 10 Pro",345.0,Refurbished,2014
Dell,5-series,"Dell Latitude E5440 i5, 8gb Ram,Win 10 Pro + Choice of 500GB SSHD or 128GB SSD ",279.99,Pre-Owned,2014
Dell,5-series,"Dell Latitude E5540 15.6"" Laptop (Intel i5-4210U 2.4GHz, 8GB RAM/240GB SSD, W10)",113.99,Pre-Owned,2014
Dell,5-series,"Dell Latitude E5540 Laptop - 1.9GHz A21 16,384MB I5-4300UC  NO OS",224.95,Refurbished,2014
Dell,5-series,Dell Latitude E5440 Intel i5-4200U 1.6Ghz LAPTOP Motherboard HP1PP 0HP1PP,175.0,Pre-Owned,2014
Dell,5-series,"Dell Latitude E5470 14"" I7-6820HQ 8GB DDR4 256GB FHD Windows 10 Pro",460.0,Refurbished,2015
Dell,5-series,"Dell Latitude E5450 14"" i7-5600U 2.6GHz 8GB RAM 128 SSD No Battery/ OS ",149.0,Refurbished,2015
Dell,5-series,Recertified - Dell Latitude 5480 Left and Right Speaker Set HN6Y7,300.0,Refurbished,2015
Dell,5-series,Dell Latitude E5430 Laptop Intel i5 WiFi DVD/CDRW 250GB Win 7 Professional  HDMI,459.99,Refurbished,2015
Dell,5-series,Dell Latitude E5450 i7 5600U 2.6GHz 16GB 256gb SSD Windows 10 Pro Full HD 1080p,339.99,Refurbished,2015
Dell,5-series,Dell Latitude E5450 i7 5600U 2.6GHz 16GB 240gb SSD Windows 10 Pro Full HD 1080p,334.99,Refurbished,2015
Dell,5-series,"Dell Latitude E5250 12.5"" 1366x768 Intel Core i5-5300U 2.3GHz Laptop",95.92,Pre-Owned,2015
Dell,5-series,DELL LATITUDE E5470 Intel Core i5-6300U 2.40GHz 180GB SSD 8GB RAM - Boot To BIOS,159.99,Pre-Owned,2015
Dell,5-series,Dell Latitude E5470 Dual Core i5-6300U 2.40GHz 8GB RAM NO HDD/OS - READ #34619,149.0,Pre-Owned,2015
Dell,5-series,Dell Latitude 14 Rugged 5404 i5-4310 256 GB Ssd 8 GB RAM Office 19 Win 10,505.0,Refurbished,2015
Dell,5-series,Dell Latitude E5470 Core i5-6300U 2.4GHz 16GB 256GB SSD Windows 10 Pro Laptop C2,249.99,Pre-Owned,2015
Dell,5-series,DELL LATITUDE E5550| i5-5200U 2.20GHz| 4GB| 500GB HDD|WIN 10 PRO         T8-C15,193.5,Pre-Owned,2015
Dell,5-series,*TESTED* Dell Latitude E5450  i5-5200U; 8GB DDR3 RAM; 500gb HDD w/ Power Cord ,149.99,Pre-Owned,2015
Dell,5-series,"Dell Latitude E5550 2.2GHZ Intel Core i5 500GB 8GB 15"" Windows 10 64 camera",266.68,Refurbished,2015
Dell,5-series,DELL LATITUDE E5450 Intel Core i5-5300U 2.30GHz 500GB 8GB RAM - Boot To BIOS,145.0,Pre-Owned,2015
Dell,5-series,"Dell Latitude E5450 14"" Intel Core i5 2.3GHz 500GB SSD 16GB RAM Win10 Pro 1903",349.0,Pre-Owned,2015
Dell,5-series,"Dell Latitude E5450 i5-5300u 2.3GHz, 8GB RAM, 128GB SSD, Win 10 Webcam Bluetooth",239.0,Refurbished,2015
Dell,5-series,"Dell Latitude E5550 15.6in (250GB SSD, Intel Core i5, 2.3GHz, 8GB, 1920x1080)",273.0,Refurbished,2015
Dell,5-series,"Dell Latitude E5470 Core i5 - 6th Gen, 256 GB SSD - 8 GB Ram (A-GRADE)",340.0,Refurbished,2015
Dell,5-series,"DELL LATITUDE E5250 12.5"" Core i5-4210U 1.70GHZ 8GB RAM 500GB HDD Windows 10 ",189.0,Refurbished,2015
Dell,5-series,"Dell Latitude 12 5000 E5250 Intel i5-5300U 2.3GHz 8GB 500GB 12.5"" HD Win 8.1 Pro",399.99,Refurbished,2015
Dell,5-series,Dell Latitude E5430 Laptop Intel i5 WiFi DVD/CDRW 250GB Win 7 Professional  HDMI,185.0,Refurbished,2015
Dell,5-series,"Dell Latitude E5440 14"" i5-4200U 1.6GHz 8GB RAM 320GB HDD",159.0,Pre-Owned,2015
Dell,5-series,Dell Latitude E5470 Laptop - i5-6300u 6th GEN CPUÏÓ8GB RAMÏÓ256GB SSDÏÓWIN 10 PRO,329.99,Pre-Owned,2015
Dell,5-series,Dell Latitude E5450 i5 5300U 2.3GHz 8GB 128gb SSD Windows 10 Pro 1 Year Warranty,199.99,Refurbished,2015
Dell,5-series,"MINT DELL Latitude e5480 FHD 14"" i7,16GB,256GB,Warranty, +Office2016 ,laptop #1",539.0,Pre-Owned,2016
Dell,5-series,"MINT DELL Latitude e5480 FHD 14"" i7,16GB,256GB,Warranty, +Office2016 ,laptop #2",549.99,Pre-Owned,2016
Dell,5-series,"Dell Latitude E5570 Laptop i7, 256GB SSD, 16GB RAM, Touchscreen",539.0,Pre-Owned,2016
Dell,5-series,Dell Latitude E5470 (14-inch) Laptop | Intel Core i7-6820 | 16GB Ram | 500GB HDD,294.66,Refurbished,2016
Dell,5-series,Dell Latitude 5414 Rugged Extreme i7-6600U 16GB 1TB FHD WIN10 OFFICE 16 w/AMD,439.99,Pre-Owned,2016
Dell,5-series,"Dell Latitude E5470 14"" FHD Laptop Core i5-6440HQ 8GB 256GB SSD Radeon R7 M360",481.99,Refurbished,2016
Dell,5-series,Dell Latitude E5270 Laptop i7 6600U 8GB DDR4 256GB SSD w/charger Win 10 PRO,499.0,Pre-Owned,2016
Dell,5-series,Dell Latitude E5470 Laptop | Intel Core i7-6820HQ | 16GB Ram | 512GBSSD Win10Pro,267.77,Pre-Owned,2016
Dell,5-series,Dell Latitude E5570 Intel Core i7-6600U 8GB DDR4 (1x8GB) 128GB SSD Win 10 Pro,299.0,Refurbished,2016
Dell,5-series,MINT Dell Latitude E5570 15.6-inch Core i7 2.8GHz 16GB Ram 2.5TB SSD Storage,450.0,Refurbished,2016
Dell,5-series,Dell Latitude E5470 HD Core i7 Slim Business Laptop 8GB 256GB SSD Win 10 Pro,299.99,Refurbished,2016
Dell,5-series,"DELL LATITUDE E5470 14"" Laptop Intel Core i5-6300U 2.40GHz 4GB RAM 500GB No OS",150.0,Pre-Owned,2016
Dell,5-series,"Dell Latitude E5570 15.6 Touch (Intel 6th Gen i5, 8 GB RAM, 256 GB SSD) Win 10",93.0,Pre-Owned,2016
Dell,5-series,Dell Latitude E5470 14in-i5-6300U CPU 2.4GHz-8GBRAN-256GBSD-Notebook/Laptop-2016,184.5,Pre-Owned,2016
Dell,5-series,Dell Latitude E5530 Wndows 10 LaptopÏÓü i5 ÏÓü480 SSDÏÓü8GB RamÏÓüOffice 2016 PRO ÏÓü,175.0,Pre-Owned,2016
Dell,5-series,Dell Latitude E5530_Wn10 LaptopÏÓü i5_480GB SSD_8GB Ram+Webcam ÏÓü Office 2016 PRO,339.99,Pre-Owned,2016
Dell,5-series,Dell Latitude E5520 Wndows 10 LaptopÏÓBacklit Keys i5ÏÓ480 SSD_8GBÏÓOffice 2016 PRO,119.0,Pre-Owned,2016
Dell,5-series,"Dell Latitude E5470 14"" Laptop 2.4GHz Core i5 6th Gen 128GB SSD 8GB RAM Win10",357.99,Refurbished,2016
Dell,5-series,Dell Latitude 5414 Rugged Extreme i5-6300U 16GB 1TB FHD WIN10 OFFICE 16 ,265.0,Refurbished,2016
Dell,5-series,"Dell Latitude E5470 14"" 2.4GHz Core i5-6300U 6th Gen 8GB RAM 512GB",319.99,Refurbished,2016
Dell,5-series,Dell Latitude 5414 Rugged Extreme i5-6300U 8GB 1TB FHD WIN10 OFFICE 16 TOUCH,439.99,Refurbished,2016
Dell,5-series,Dell Latitude E5520 Wndows 10 LaptopÏÓBacklit Keys i5ÏÓ480 SSD_8GBÏÓOffice 2016 PRO,1299.99,Refurbished,2016
Dell,5-series,Dell Latitude 5414 Rugged Extreme Laptop i5-6300U 16GB 1TB FHD WIN10 OFFICE 16,240.0,Pre-Owned,2016
Dell,5-series,Dell Latitude Laptop i5 16GB RAM 256GB SSD 14.0 Display Win 10 E5470 Touchscreen,361.99,Refurbished,2016
Dell,5-series,"Really Fast !!! Dell Latitude E5570 Laptop (Intel i5-6440HQ GHz 500SSD,16GB RAM)",439.99,Pre-Owned,2016
Dell,5-series,"Good Dell Latitude E5470 14"" Laptop 6th Gen. Intel i5-6300U@2.40GHz/8GB/500GB-HD",220.0,Pre-Owned,2016
Dell,5-series,Dell Latitude E5470 FHD Core i5 Light Business Laptop 8GB 256GB SSD Wind 10 Pro,1499.99,Refurbished,2016
Dell,5-series,READ - Dell Latitude E5470 Dual Core i5-6300U 2.40GHz - No RAM/HDD/OS/BAT #34625,549.0,Pre-Owned,2016
Dell,5-series,Dell Latitude E5570 i5-6300 2.4GHz 8GB RAM 128GB SSD Windows 10 & Charger #4735,299.99,Refurbished,2016
Dell,5-series,"Dell Latitude E5470 14"" FHD Laptop Core i5-6440HQ 8GB 256GB SSD Radeon R7 M360",323.51,Refurbished,2016
Dell,5-series,Dell Latitude 14 Rugged 5404 Core i7 1.7GHz 480GB SSD Win 10 Pro Multi Touch  ,388.36,Pre-Owned,2014
Dell,5-series,Dell Latitude E5440 i5 8GB 500G DVD+RW HDMI WebCam Win 10 Office 2019 Dock,229.99,Pre-Owned,2014
Dell,5-series,Dell Latitude E5440 Intel Core I5 4th 8gb 128gb SSD Win 10 Pro 1 Year Warranty ,424.99,Refurbished,2014
Dell,5-series,"Dell Latitude 14 Rugged 5404 14"" Touch i5-4310U 8GB 256GB BacklitKB LTE GPS DVD",475.0,Pre-Owned,2014
Dell,5-series,NR5CC Dell Latitude E5540 LCD Front Bezel with Camera Port NR5CC GRADE A,225.0,Pre-Owned,2014
Dell,5-series,C4F9T Dell Latitude E5440 Laptop Motherboard w/ Intel i5-4300U 1.9Ghz CPU,175.0,Pre-Owned,2014
Dell,5-series,Dell Latitude E5540 SATA DVD-RW DRIVE TTYK0 DU-8A5HH    C1-X3-e6,166.0,Pre-Owned,2014
Dell,5-series,DELL LATITUDE LAPTOP E5440 I5-4300U (2.90 MAX TURBO) 8GB 160GB SSD WINDOWS 10,300.0,Refurbished,2014
Dell,5-series,For Dell Latitude 15 5404 laptop motherboard I5-4300U DDR3L GMA HD 4400 TEST OK,390.0,Pre-Owned,2014
Dell,5-series,"Dell Latitude E5540 - 15.6"" - Intel i5-4210U - 4 GB RAM - 500 GB SSD - Windows ",349.0,Pre-Owned,2014
Dell,5-series,"Dell Latitude E5540 15.6"" Laptop (Intel i5-4310U 3GHz, 8GB RAM/240GB SSD, W10)",94.95,Refurbished,2014
Dell,5-series,"DELL LATITUDE E5540 15.6"" I5-4300U@1.9GHz  8GB RAM NO HDD Boots BIOS W32",224.99,Pre-Owned,2014
Dell,5-series,Dell Latitude 14 Rugged 5404 Core i5 2.0GHz 512GB SSD 8GB Windows 10 Pro camera,149.99,Refurbished,2014
Dell,5-series,Dell Latitude E5450 i5 4Gb ram 80GBHDSSD Windows 10 home C Grade,135.0,Pre-Owned,2014
Dell,5-series,"Dell Latitude E5440 14"" Intel Core i5 4300U 1.9GHz 8GB 128GB SSD Win 10 pro",492.46,Pre-Owned,2014
Dell,5-series,"Dell Latitude E5540 15.6"" Laptop (Intel i5-4300U 2.5GHz, 8GB RAM/240GB SSD, W10)",385.92,Refurbished,2014
Dell,5-series,Dell Latitude E5470 Dual Core i5-6300U 2.40GHz 16GB 256GB SSD - READ #34618,1149.99,Pre-Owned,2015
Dell,5-series,DELL LATITUDE E5470 Intel Core i5-6300U 2.40GHz 500GB 8GB RAM - Boot To BIOS,209.99,Pre-Owned,2015
Dell,5-series,Dell Latitude E5470 Core i5-6300U 2.4GHz 16GB 256GB SSD Windows 10 Pro Laptop A9,203.38,Pre-Owned,2015
Dell,5-series,DELL LATITUDE E5470 Intel Core i5-6200U 2.30GHz 500GB 8GB RAM - Boot To BIOS,225.0,Pre-Owned,2015
Dell,5-series,Dell Latitude E5470 Dual Core i5-6300U 2.40GHz 16GB 256GB SSD Win10Pro #34620,249.99,Pre-Owned,2015
Dell,5-series,Dell Latitude E5470 Dual Core i5-6300U 2.40GHz 16GB 256GB SSD Win10Pro #34621,225.0,Pre-Owned,2015
Dell,5-series,Dell Latitude E5470 Core i5-6300U 2.4GHz 16GB 256GB SSD Windows 10 Pro Laptop B4,221.42,Pre-Owned,2015
Dell,5-series,Dell Latitude E5470 Dual Core i5-6300U 2.40GHz 16GB 256GB SSD Win10Pro #34626,215.81,Pre-Owned,2015
Dell,5-series,Dell Latitude E5470 Dual Core i5-6300U 2.40GHz 16GB 256GB SSD Win10Pro #34622,469.99,Pre-Owned,2015
Dell,5-series,Dell Latitude E5470 Dual Core i5-6300U 2.40GHz 16GB 256GB SSD Win10Pro #34624,749.99,Pre-Owned,2015
Dell,5-series,Dell Latitude E5470 Dual Core i5-6300U 2.40GHz 16GB 256GB SSD Win10Pro #34623,442.31,Pre-Owned,2015
Dell,5-series,"Dell Latitude E5470 14"" Dual Core i5-6300U 2.40GHz 256GB SSD 16GB RAM #33653",497.61,Pre-Owned,2015
Dell,5-series,"Dell Latitude E5570 15.6"" FHD Laptop, Core i7-6820HQ 2.7GHz, 16GB RAM, 512GB ...",2799.99,Refurbished,2016
Dell,5-series,Dell Latitude E5570 INTEL CORE i5-6300U 2.4GHz 8GB RAM NO HDD NO OPTICAL DRIVE,325.0,Pre-Owned,2016
Dell,5-series,Laptop Dell Latitude E5570 QUAD Core i5 2.6Ghz 24Gb 160Gb SSD Windows 10 x64 ATI,431.91,Refurbished,2016
Dell,5-series,"Dell Latitude E5470 14"" i5-6300U 2.40GHz 8GB RAM 128GB SSD Windows 10",244.95,Pre-Owned,2016
Dell,5-series,"Dell Latitude E5470 Laptop i5-6200U 2.3GHz 8GB M.2 256GB SSD 14"" Win10 Pro",579.99,Refurbished,2016
Dell,5-series,"Dell Latitude E5470 14"" Laptop i5-6300U 8GB 128GB SSD Win 10 Pro",225.0,Refurbished,2016
Dell,5-series,"Dell Latitude E5570 Laptop (Intel I5-6200U 128GB SSD, 8GB RAM) Windows 10",375.0,Pre-Owned,2016
Dell,5-series,"Dell Latitude 5414 Intel Core i5-6300U 8GB 128GB, Black (Refurbished)",1096.5,Refurbished,2016
Dell,5-series,"Dell Latitude E5470 14"" i5-6200U 2.4GHz 8GB RAM 500GB SSHD 4G LTE Windows 10",299.99,Pre-Owned,2016
Dell,5-series,Dell Latitude E5470 i5-6200U 2.4/4 Gb/500 Gb HD/wireless AC/Win 10 Pro v.1809 NR,225.0,Pre-Owned,2016
Dell,5-series,Dell Latitude E5470 Laptop i5 6440HQ 2.6GHz 8GB RAM 500GB HD + DOCK STATION.,599.99,Refurbished,2016
Dell,5-series,Dell Latitude E5470 HD Core i5 Light Business Laptop 8GB 128GB SSD Win 10 Pro,399.0,Refurbished,2016
Dell,5-series,"Dell Latitude E5470 14"" HD Laptop i5-6200U 2.3Ghz 8GB DDR4 500GB CAM Backlit KB",239.99,Refurbished,2016
Dell,5-series,Dell Latitude E5470 Intel Core i5 6300U 2.40GHz Motherboard Used Tested Working,749.95,Pre-Owned,2016
Dell,5-series,"Dell Latitude E5470 HD Core i5 14"" Business Laptop 8GB 500GB HDD Win 10 Pro",349.0,Pre-Owned,2016
Dell,5-series,Dell Latitude E5470 HD Laptop Notebook Intel Core i5 8GB 256GB SSD Win 10 Pro,170.0,Refurbished,2016
Dell,5-series,READ - Dell Latitude E5470 Dual Core i5-6300U 2.40GHz 8GB No HDD No Batt #34206,1599.99,Pre-Owned,2016
Dell,5-series,Dell Latitude E5570 i5-6300 2.4GHz 8GB RAM 256GB SSD Windows 10 & Charger #4737,318.49,Pre-Owned,2016
Dell,5-series,Dell Latitude E5570 i5-6300 2.4GHz 8GB RAM 128GB SSD Windows 10 & Charger #4739,274.99,Pre-Owned,2016
Dell,5-series,"Dell Latitude E5470 14"" HD Laptop i5-6300U 2.4Ghz 4GB 256GB SSD Backlit KB READ",227.49,Refurbished,2016
Dell,5-series,Dell Latitude E5570 i5-6300 2.4GHz 8GB RAM 256GB SSD Windows 10 & Charger #4740,319.99,Pre-Owned,2016
Dell,5-series,"Dell Latitude E5470 14"" HD Laptop i5-6300U 2.4Ghz 8GB DDR4 256GB SSD Backlit KB",284.74,Refurbished,2016
HP,Probook,"HP Probook 455 G1 AMD A6-5350M 2.9GHz 8GB RAM 500GB HD 15.6"" WINDOWS 10 ",124.99,Pre-Owned,2014
HP,Probook,"HP ProBook 645 G1 14""  HD AMD A6-5350M 2.9GHz 8GB 500GB HDD W7P Laptop U",139.99,Pre-Owned,2014
HP,Probook,"HP ProBook 450 G1 15.6"" Intel i5(4thGen)Win 7P 2.5GHz 8GB 500GB V. Good Battery",279.0,Pre-Owned,2014
HP,Probook,HP ProBook 455 G1 AMD A4 5150M 2.7 GHz - 8 GB Ram - 320 GB HDD - Windows 10,159.99,Pre-Owned,2014
HP,Probook,HP ProBook 4540s - Intel i3 3110M 2.4 GHz - 8 GB Ram - 320 GB HDD - Windows 10,125.0,Refurbished,2014
HP,Probook,"HP ProBook 650 G1, i7, 8gb RAM, No HDD",104.5,Pre-Owned,2014
HP,Probook," HP ProBook 640 G1 Intel i5, 8GB RAM, 256GB SSD, WIN 10",291.0,Pre-Owned,2014
HP,Probook,HP ProBook 4440s Laptop Intel Core i5-3210M 2.50GHz 4GB RAM NO HDD,75.0,Pre-Owned,2014
HP,Probook,"HP ProBook mt41 14"" AMD A4-4300M 8GB RAM 128GB SSD Windows 10 Laptop",99.99,Pre-Owned,2014
HP,Probook,"HP Probook 4540s Intel Core i3-3110M @ 2.40GHz 4GB Laptop Computer, No HDD",149.99,Pre-Owned,2014
HP,Probook,"HP ProBook 6475B 14"" AMD A6-4400m 2.7GHz 4GB RAM 320GB HDD Windows 7 Home",95.0,Refurbished,2014
HP,Probook,HP ProBook 4530S 15.6 in. Laptop (250GB SSD-Intel Core i5- 8GB) No O.S. w/Webcam,107.99,Pre-Owned,2014
HP,Probook,"HP Probook 4530s Intel Core i3-2350M @ 2.30GHz 4GB Laptop Computer, No HDD",199.0,Pre-Owned,2014
HP,Probook,"HP Probook 4530s Intel Core i3-2350M @ 2.30GHz 4GB Laptop Computer, No HDD",70.0,Pre-Owned,2014
HP,Probook,"HP PROBOOK MT41 AMD A4-4300M 2.5GHz 4GB RAM 14.1"" LAPTOP",199.39,Pre-Owned,2014
HP,Probook,HP ProBook 6560b Intel 2nd Gen i5-2520M 2.5Ghz 4GB RAM 76011AL,399.99,Pre-Owned,2014
HP,Probook,HP ProBook 6560b Intel 2nd Gen i5-2520M 2.5Ghz 4GB RAM 76032AL,141.99,Pre-Owned,2014
HP,Probook,"16x LOT HP PROBOOK 14"" LAPTOP WINDOWS 10 DUAL-CORE BUSINESS WEBCAM DVDRW 645 G1",986.76,Pre-Owned,2014
HP,Probook,"HP ProBook 450 G1 15.6"" Intel Core i3-4000M 2.4GHz 4GB 500GB Laptop F2P37UT#ABA",81.0,Pre-Owned,2015
HP,Probook,"HP Probook 430 G2 Intel i5-4310U 2.0GHz 128GB SSD 8GB Win10 pro Webcam 13.3""",185.0,Pre-Owned,2015
HP,Probook,"HP 14"" Probook  640 G1 Laptop Computer Intel i5 4GB WIN10 (ML1025595)",199.99,Pre-Owned,2015
HP,Probook,HP ProBook 640 G1 Laptop Core i5-4300M 2.60GHz 8GB 500GB Windows 10 Pro,227.0,Refurbished,2015
HP,Probook,"HP 15.6"" ProBook 650 G1 Intel Core i5-4200M 2.5GHz 16GB RAM 500GB HDD Win 10 PRO",303.96,Pre-Owned,2015
HP,Probook,"18 HP Probook 430 G2 Intel i5-4310U 2.0GHz 128GB SSD 8GB Win10 pro Webcam 13.3""",2600.0,Pre-Owned,2015
HP,Probook,"HP ProBook 11-G2 EE Intel Pentium 4405U 8GB 128GB, Gray (Refurbished)",335.52,Refurbished,2015
HP,Probook,"HP ProBook 640 G1 14"" Laptop Dual Core i5-4300M 2.6GHz 8GB 500GB w/ Win 10 ",190.0,Pre-Owned,2015
HP,Probook,HP Business ProBook i7 GREAT CONDITION,539.99,Refurbished,2015
HP,Probook,"HP ProBook 450 G1 15.6"" Intel Core i3-4010U 1.7GHz 8GB 500GB SSD Laptop ",299.99,Pre-Owned,2015
HP,Probook,"HP ProBook 5330m Ultrabook,Intel i3,8GB,500GB HD,13.3''LED, Win 10",190.0,Pre-Owned,2015
HP,Probook,Used laptop Refreshed PC ProBook 430 G2 Alphabetic Keyboard JAPAN EMS F/S,620.99,Pre-Owned,2015
HP,Probook," HP ProBook 640 G1 Intel i5, 8GB RAM, 256GB SSD, WIN 10",75.0,Pre-Owned,2015
HP,Probook,"HP ProBook mt41 14"" AMD A4-4300M 8GB RAM 128GB SSD Windows 10 Laptop",107.99,Pre-Owned,2015
HP,Probook,HP ProBook 4530S 15.6 in. Laptop (250GB SSD-Intel Core i5- 8GB) No O.S. w/Webcam,199.39,Pre-Owned,2015
HP,Probook,HP ProBook 6560b DVD i3-2350M 2.30GHz 8GB 320GB HDD Windows 10 Pro Laptop ,70.0,Refurbished,2015
HP,Probook,"HP PROBOOK MT41 AMD A4-4300M 2.5GHz 4GB RAM 14.1"" LAPTOP",399.99,Pre-Owned,2015
HP,Probook,"Hp Probook 4440s, 320GB HDD, 4GB Ram, Windows 10 Pro",305.0,Pre-Owned,2015
HP,Probook,"HP Probook 4530s Intel Core i3-2350M @ 2.30GHz 4GB Laptop Computer, No HDD",141.99,Pre-Owned,2015
HP,Probook,HP ProBook 450 G1 / i3-4000M / 4GB RAM / 500GB HDD / Windows 10 Pro 64-bit,1495.0,Pre-Owned,2015
HP,Probook,HP ProBook 6560b Intel 2nd Gen i5-2520M 2.5Ghz 4GB RAM 76011AL,986.76,Pre-Owned,2015
HP,Probook,"HP Probook 4540s Intel Core i3-3110M @ 2.40GHz 4GB Laptop Computer, No HDD",399.99,Pre-Owned,2015
HP,Probook,HP ProBook 640 Intel Core i5 2.60GHz - 8GB 500GB - DVD-RW Win 10 Pro Office 2016,185.0,Pre-Owned,2016
HP,Probook,"HP ProBook 4530S 15.6in. (Core i7, 500GB, 8GB, Win10pro, Office2016, 9Cell Batt)",249.99,Refurbished,2016
HP,Probook,HPåÊ Notebook ProBook x360 11 G1 EE Win10 Pro. Office 2016 4GB 128 SSD,160.0,Pre-Owned,2016
HP,Probook,"HP Probook 6565b  15.6""(500GB,7200RPM,AMD A4,2.1GHz,4GB) Win7 & Win10 OFFICE2016",99.0,Pre-Owned,2016
HP,Probook,"HP ProBook 450 G1 15.6"" Intel i5 4th Gen Win10 P 2.5GHz 8GB 500GB MS Office2016",309.99,Refurbished,2016
HP,Probook,HP ProBook 6560b 15.6 Intel Core i3 2.35GHZ 4GB Ram 500GB HD Window10 Office2016,169.99,Refurbished,2016
HP,Probook,HP ProBook 455 G3 laptop T1B79UT#ABA free shipping no hard drive or RAM,110.0,Pre-Owned,2016
HP,Probook,"HP ProBook 450 G4 15.6in. (500GB, Intel Core i5) / Microsoft Office 2016",275.0,Pre-Owned,2016
HP,Probook,"HP Probook 650 G2 Intel i5-6200U 2.3Ghz 8GB 500GB DVDRW 15.6"" HD Windows 10 Pro ",249.99,Refurbished,2016
HP,Probook,"HP 640 G2 ProBook 14"" Laptop Win 10 8GB RAM 128GB SSD 2.50GHz Intel i5 6300U",249.99,Pre-Owned,2016
HP,Probook,HP Probook 640 G2 Intel i5-6300U 2.4Ghz 8Gb 500Gb + 256gb SD Win 10 Pro,309.0,Refurbished,2016
HP,Probook,HP ProBook 6570b 2.50GHz i5-3210 16GB 256GB SSD Windows 10 Pro + MS Office 2013,210.0,Refurbished,2016
HP,Probook,"HP ProBook 14"" Laptop 6475b AMD A4-4300M 2.50GHz 4GB Ram 320GB HDD DVD BT Win10",219.95,Refurbished,2016
HP,Probook,HP ProBook 640 G2 Intel Core i5-6200U 8GB DDR4 (2x4GB) 256GB SSD Windows 10 Pro,578.49,Refurbished,2016
HP,Probook,"HP Laptop ProBook 650 G2 15.6"" 2.30GHz i5-6200U 8GB 500GB Win 10 Pro Office MINT",425.0,Pre-Owned,2016
HP,Probook,"HP ProBook 14"" Laptop 6475b AMD A4-4300M 2.50GHz 8GB 500GB HDD DVD HP dock Win10",179.0,Refurbished,2016
HP,Probook,HP ProBook 455 15.6 Laptop A10-8700p 16GB RAM 500 GB HDD DVD RW Windows 10,400.0,Pre-Owned,2016
HP,Probook,HP ProBook 450 G3 Core i3-6100U 2.30GHz 16GB DDR4 (2x8GB) 256GB SSD Win 10 Pro,533.99,Pre-Owned,2016
HP,Probook,"HP ProBook 640 G2 14"" i5-6200U 8GB 500GB Win10Pro OFFICE WARRTY NEAR EXCELLENT  ",499.98,Pre-Owned,2016
HP,Probook,*** Hewlett Packard Hp Probook 640-g2 Business Notebook,374.95,Pre-Owned,2016
HP,Probook,"HP ProBook 470 G3 17.3"" Laptop Screen Complete Screen Assembly Cables TESTED",79.99,Pre-Owned,2016
HP,Probook,"HP Probook 640 G2  14"" Laptop | 2.4GHz Core Dual  i5-6300U  | 4gb | BIOS LOCKED",166.0,Pre-Owned,2016
HP,Probook,"HP ProBook 470 G4  i5 7200U (2.50 GHz) 8 GB, 500 GB,17.3"" Windows 10 Pro 64-Bit",675.0,Refurbished,2016
HP,Elitebook,hp elitebook Revolve 810 Laptop / Covertible Tablet Core i5  SSD Touchscreen ,196.0,Refurbished,2014
HP,Elitebook,HP EliteBook Revolve 810 G2 Tablet Core I5 2.2ghz 4gb 128gb SSD Touchscreen,149.0,Refurbished,2014
HP,Elitebook,HP Elitebook 8470p i5 Intel@2.6.GHZ 320GB 4GB RAM Window 7 Seller Refurbished,149.99,Refurbished,2014
HP,Elitebook,HP EliteBook Revolve 810G2 Intel Core i5 1.6ghz 4gb 128GB.SSD Touchscreen Tablet,190.2,Refurbished,2014
HP,Elitebook,"HP EliteBook 820 G3 12.5"" Laptop PC i5-6300U 256GB SSD 8GB RAM Windows 10 Pro",349.99,Refurbished,2014
HP,Elitebook,HP EliteBook Revolve 810 Tablet Core i7-4600U 2.6GHz 8GB 128GB SSD Touchscreen,250.0,Pre-Owned,2014
HP,Elitebook,HP EliteBook 840 G1 & Ultraslim Dock,300.0,Pre-Owned,2014
HP,Elitebook,"HP ELITEBOOK 820 G1 I5-4200U 1.60GHZ 4GB 180GB SSD HD4400 12.5"" HD WIN 10P",149.39,Refurbished,2014
HP,Elitebook,Super Fast Business grade HP elitebook 840 G1 8GB/500 GB SSD Software PKG Laptop,195.0,Refurbished,2014
HP,Elitebook,"HP EliteBook 850 G1 15.6"" i5-4300U 1.9GHz 8GB RAM 320GB HDD Radeon HD 8730M",209.98,Pre-Owned,2014
HP,Elitebook,"HP EliteBook 850 G2 15.6"" Laptop Core i5-5300U 2.3GHz - 8GB - 500GB w/ Win 10",364.99,Pre-Owned,2014
HP,Elitebook,HP EliteBook Revolve 810 G3 Tablet Core I5 2.2ghz 8GB 256GB SSD Touchscreen,300.0,Refurbished,2014
HP,Elitebook,HP Elitebook 840 G2 Intel Core i7-5600U 2.60GHz 8GB + 500GB HDD Win 10 Pro,444.99,Refurbished,2014
HP,Elitebook,"HP EliteBook Revolve 810 G3 Tablet -11.6"" Core i7vpro 5600U -8GB RAM -256 GB SSD",429.14,Pre-Owned,2014
HP,Elitebook,Ultra Compact Office Laptop HP Elitebook 820 i5 4th Gen 4GB Windows 10 Webcam,300.0,Pre-Owned,2014
HP,Elitebook,HP Elitebook Revolve 810 G2,320.0,Pre-Owned,2014
HP,Elitebook,HP EliteBook Revolve 810 G3 Tablet Core I7 2.60ghz 8gb Touchscreen,265.0,Pre-Owned,2014
HP,Elitebook,"HP Elitebook 840-G2 Ultrabook, Core i5- 5300U, 2.3 GHz, 8GB, With 240GB SSD",225.0,Refurbished,2014
HP,Elitebook,"HP EliteBook 8440W 14"" i7-M620  2.67GHz 4GB RAM 256GB HDD FX380M  DVDRW  Webcam",296.99,Pre-Owned,2014
HP,Elitebook,"HP ELITEBOOK FOLIO 1040 G1 I7-4650U 1.70GHZ 8GB 256GB SSD HD 5000 14"" 1920X1080 ",380.0,Refurbished,2014
HP,Elitebook,"HP ElitebookåÊ AMD A8, 8gb DDR3 ram",163.84,Pre-Owned,2014
HP,Elitebook,"Refurbished HP EliteBook 2570p - Core i5, 2.6GHz, 4GB, 128GB",290.0,Refurbished,2014
HP,Elitebook,HP EliteBook Folio 9470m i5 3437U 1.90GHz 8GB 256GB SSD WebCam Win 10 Pro ,84.99,Refurbished,2014
HP,Elitebook,Hp EliteBook 820 Intel Core i5 2.60GHz 8GB RAM 180GB SSD Win 10 Office 2019 Pro,200.0,Pre-Owned,2014
HP,Elitebook,HP EliteBook 840 G1 i5-4310U 8GB 500GB HDD WebCam Win 10 Office 2019 Pro,394.99,Pre-Owned,2014
HP,Elitebook,Grade A :: Corporate HP Elitebook 9480m - 2.10 GHz :: Various Configurations,259.99,Pre-Owned,2015
HP,Elitebook,"HP EliteBook 840 G2 14"" Intel Core i5-5200U 2.2GHz 4GB Laptop P0C58UT#ABA",99.99,Pre-Owned,2015
HP,Elitebook,HP ELITEBOOK 840 TOUCH SCREEN GPS+MAPPING 2.5GHZ i5 8GB 180GB SSD Win 10 3xUSB 3,275.0,Pre-Owned,2015
HP,Elitebook,"HP EliteBook 840 G2 Laptop 14"" FHD LCD Intel i5-5300U 2.30GHz 8GB 500GB Wifi W10",169.99,Refurbished,2015
HP,Elitebook,HP EliteBook 820 G2 i7-5600U 2.60GHz 128GB SSD 8GB Windows10 LB276,224.98,Refurbished,2015
HP,Elitebook,HP ELITEBOOK 8470W | CORE I5-3360M 2.8GHZ | 320GB HDD | 4GB RAM | NO O.S |DVD+RW,189.0,Pre-Owned,2015
HP,Elitebook,"HP EliteBook 840 G3 - T6F47UT - Core i5 2.4GHz - 16GB - 256GB - 14.1""",280.0,Pre-Owned,2015
HP,Elitebook,"HP EliteBook 8470p 14"" (250,gb Intel Core i5 3rd Gen., 2.60GHz, 8GB) Laptop -...",110.0,Pre-Owned,2015
HP,Elitebook,HP Elitebook 820 G2 i7-5600U 2.60GHz Laptop 128GB SSD 8GB Windows 10 AD573*,212.2,Pre-Owned,2015
HP,Elitebook,HP EliteBook 840 G2 laptop,350.0,Pre-Owned,2015
HP,Elitebook,"HP EliteBook 840 G2 14"" LCD Notebook - Intel Core i5 8GB RAM 180GB SSD Win10Pro",349.99,Refurbished,2015
HP,Elitebook,HP EliteBook i7-352M - 4GB Ram - No HDD - No Back - 8470p,150.0,Pre-Owned,2015
HP,Elitebook,"HP EliteBook 820 G3 12.5"" Notebook i5 2.4GHz 8GB 180GB Win 10 (W0S11UT#ABA)",552.49,Refurbished,2015
HP,Elitebook,"HP EliteBook 840 G2 14"" Laptop DC i5-5300U 2.3GHz 8GB 128GB SSD *No OS/Battery",274.99,Pre-Owned,2015
HP,Elitebook,HP EliteBook Folio 1040 G3 Notebook PC i5-6200U 2.3GHz 8GB 256GB Windows 10...,375.0,Refurbished,2015
HP,Elitebook,HP Elitebook 820 G2 Laptop 12.5'' LCD Touch Screen Complete Assembly,80.0,Pre-Owned,2015
HP,Elitebook,"HP EliteBook 8470p 14"" (120gb SSD Intel Core i5 3rd Gen., 2.60GHz, 8GB) Laptop",130.0,Pre-Owned,2015
HP,Elitebook,"HP EliteBook 840 G2 14"" i5-5200U 2.2GHz 8GB 250GB SSD Windows 10 Pro",209.0,Pre-Owned,2015
HP,Elitebook,HP Elitebook 840 G2 Intel Core i7-5600U 2.60GHz 8GB + 500GB HDD Win 10 Pro,444.99,Refurbished,2015
HP,Elitebook,HP EliteBook 850 G2 (L4A23UT#ABA) 2.3GHZ i5-5300U 8GB 180GB SSD WIN10 **MINT**,560.0,Pre-Owned,2015
HP,Elitebook,"HP EliteBook Folio 9470m Ultrabook, i5,8GB DDR3,500GB HD,14''LED, Win 10",190.0,Pre-Owned,2015
HP,Elitebook,"HP EliteBook 820G1 12.5 Intel Core i5-4200U ,8GB ,120GB SSD(Refurbished A-Grade)",62.39,Refurbished,2015
HP,Elitebook,HP Elitebook 820 G2 Laptop 12.5'' LCD Touch Screen Complete Assembly,65.0,Pre-Owned,2015
HP,Elitebook,HP ELITEBOOK 8470W | CORE I5-3360M 2.8GHZ | 320GB HDD | 4GB RAM | NO O.S,219.0,Pre-Owned,2015
HP,Elitebook,HP Elitebook 820 G1 Dual Core i7-5600U 2.60GHz 256GB SSD 8GB Windows 10 AD367**,199.98,Pre-Owned,2015
HP,Elitebook,HP Elitebook 820 G1 Dual Core i7-5600U 2.60GHz 256GB SSD 8GB Windows 10 AD587,199.98,Pre-Owned,2015
HP,Elitebook,"HP EliteBook 840 G3 - T6F47UT - Core i5 2.4GHz - 8GB - 500GB - 14.1""",280.0,Pre-Owned,2015
HP,Elitebook,HP Elitebook 820 G1 Dual Core i7-5600U 2.60GHz 256GB SSD 8GB Windows 10 AD586,199.98,Pre-Owned,2015
HP,Elitebook,HP Elitebook 820 G2 i7-5600U 2.60GHz Laptop 128GB SSD 8GB Windows 10 AD572*,212.2,Pre-Owned,2015
HP,Elitebook,HP Elitebook 820 G2 i7-5600U 2.60GHz Laptop 128GB SSD 8GB Windows 10 AD574,212.2,Pre-Owned,2015
HP,Elitebook,"HP EliteBook 745 G3 Laptop 14"" Quad Core AMD Pro 8gb RAM 128gb SSD WiFi Win 10",189.0,Refurbished,2016
HP,Elitebook," HP Elitebook Folio 1020 G1 - Intel M-5Y71 - 8GB - 256GB SSD 12.5"" - W10P HDMI  ",220.0,Pre-Owned,2016
HP,Elitebook,"HP EliteBook 8540W Core i7 Wins 10, ms office 2016, Ram 4, Hard dr 250GB",224.99,Refurbished,2016
HP,Elitebook,HP EliteBook 8560p Core i5-2520M ~3.2 GHz 8gb RAM 250GB Samsung SSD Win10 Pro,290.0,Pre-Owned,2016
HP,Elitebook,"HP Elitebook 8570p 15.6"" Core I7-3540M 3.0 GHz 6GB RAM 500 GB HD Win10 Laptop",175.0,Refurbished,2016
HP,Elitebook,"HP EliteBook 840 G2 14in. (500GB, Intel Core i5 2.3GHz, 8GB) Win 10+Office 2016!",99.0,Pre-Owned,2016
HP,Elitebook,HP EliteBook Laptop/Notebook Intel Core i5 175GB Solid State Windows 7 Word 2016,249.0,Pre-Owned,2016
HP,Elitebook,HP EliteBook Laptop/Notebook Intel Core i5 180GB SSD WiFi Windows 10 Word 2016,364.58,Refurbished,2016
HP,Elitebook,"HP Elitebook 840 G3 (Mint/Open Box) 14"", Intel i5, 8 GB Ram, 500 GB, Win 10 Pro",489.88,Pre-Owned,2016
HP,Elitebook,"HP EliteBook 745 G3 AMD Pro A8-8600B 1.6GHz 8GB RAM 256GB SSD Win 10 Pro 14""",373.6,Refurbished,2016
HP,Elitebook,"HP Elitebook 840 G3 14"", i5, 16GB Ram, 512GB SSD, Win 10 Pro",244.0,Pre-Owned,2016
HP,Elitebook,"HP EliteBook 820 G4 - 12.5"" - Core i7 7600U - 16 GB RAM 256 SSD (1FX43UT#ABA)",349.99,Pre-Owned,2016
HP,Elitebook,"NEW HP EliteBook 850 G3 15.6"" Full HD Core i5-6200U 8GB 256GB SSD USB C 10 PRO",597.99,Refurbished,2016
HP,Elitebook,"Great HP EliteBook 840 G3 14"" Laptop 6th Gen. Intel i5-6300U@2.40GHz 16GB 512GB",255.68,Pre-Owned,2016
HP,Elitebook,"HP EliteBook 725 G3 12.5"" Notebook AMD A8-8600B/A8X4 16GB 256Gb SSD W10pro",349.99,Pre-Owned,2016
HP,Elitebook,"HP EliteBook 850 G3 15.6"" Core i5-6200U 2.3GHz 8GB RAM 128GB SSD wr-05.20 SEE",329.99,Refurbished,2016
HP,Elitebook,"NEW HP EliteBook 840 G3 14"" Laptop i5-6200U 8GB RAM 128GB SSD Win 10",245.0,Pre-Owned,2016
HP,Elitebook,"HP EliteBook 840 G3 14"" HD Laptop i5-6200U 2.30GHz 8GB 500GB WiFi W10P W2B27US U",400.0,Pre-Owned,2016
HP,Elitebook,"HP EliteBook 840 G3 14"" FHD i7-6600U 8GB 256GB USB-C SIM CARD 1VR02US ÏÉNEW ÏÉ3YR",278.99,Pre-Owned,2016
HP,Elitebook,"Hp Elitebook 850 G3 15.6"" Notebook - Intel Core I7 I7-6600u *$",308.99,Pre-Owned,2016
HP,Elitebook,HP EliteBook 840 G3 Laptop i7 6600U 8GB 256GB SSD FHD Webcam Lit Keys Warranty ,159.0,Refurbished,2016
HP,Elitebook,HP ELITEBOOK 840 G3 Intel i5-6300U 2.40GHz 8GB RAM 256GB SSD *SHIPS FAST*,550.0,Pre-Owned,2016
HP,Elitebook,HP EliteBook 8470p Laptop PC Windows 10 8gb RAM 320gb HD Intel Core I5 2.6ghz,290.99,Pre-Owned,2016
HP,Elitebook,"HP Elitebook 840 G3 14"", i5 6200 2.4GHz, 8GB Ram, 256GB SSD, Win 10 Pro",299.0,Refurbished,2016
HP,Elitebook,"Laptop Carbon Vinyl Skin Sticker Cover For 2016 HP EliteBook Folio G1 12.5""",349.0,Pre-Owned,2016
HP,Elitebook,HP Elitebook 820 G3 | Intel Core i7-6600U  | 8GB RAM | 256 GB SSD | V1H03UA,74.99,Pre-Owned,2016
HP,Elitebook,"HP EliteBook 840 G3 14"" i5-6200U 2.3GHz 4GB 256GB SSD Windows 10 Pro",479.0,Refurbished,2016
HP,Elitebook,HP EliteBook 745 G3 Notebook Laptop A8 Pro-8600B 256GB SSD 4GB RAM WIN 10 64 bit,249.0,Pre-Owned,2016
HP,Elitebook,"HP EliteBook 820 G3 12.5"" Laptop Core i5-6300U 2.4GHz 8GB 256GB SSD w/ Win 10",374.99,Pre-Owned,2016
HP,Elitebook,"HP EliteBook 840 G3 14in. (1TB HDD, Intel Core i7 6th Gen., 3.4GHz, 16GB)...",399.99,Pre-Owned,2016
HP,Elitebook,"HP EliteBook 820 G3 12.5"" Notebook - Intel Core i5 Dual-core",950.0,Pre-Owned,2016
HP,Elitebook,HP ELITEBOOK 840 G3 - Core i5 6200/ 8DDR4 / 128SSD+500GB HDD  /FULL HD /vBACKLIT,270.0,Pre-Owned,2016
HP,Elitebook,"HP EliteBook 840 G3 14inc (256GB SSD, Intel Core i5. 2.4GHz, 16GB, 1080p)",300.0,Pre-Owned,2016
HP,Elitebook,"HP EliteBook 850 G1, i5-43000U,8GB DDR3,128GB SSD,15.6''LED, Win 10 pro",250.0,Pre-Owned,2016
HP,Elitebook,"HP EliteBook 840 G2 Ultrabook,Intel i5,8GB,256GB SSD,14''LED, Win 10",320.0,Pre-Owned,2016
HP,Elitebook,"HP EliteBook Folio 9470m Ultrabook, i5,8GB DDR3,256GB SSD,14''LED, Win 10",230.0,Pre-Owned,2016
HP,Elitebook,HP ELITEBOOK 840 G3 - Core i5 6200/ 16GB DDR4 / 1TB SSD + FREE SLOT / 1920x1080,290.0,Pre-Owned,2016
HP,Elitebook,Clear Tpu Keyboard cover For 2016-2017 HP EliteBook 828 820 G3 G4 3rd/4th Gen,324.99,Pre-Owned,2016
HP,Elitebook,"HP EliteBook 840 G2 14in. (SSD, Intel Core i5 2.3GHz, 8GB) Win 10+Office 2016!",299.0,Pre-Owned,2016
HP,Elitebook,"HP EliteBook 840 G3 14"" / i7-6600U / 8GB / 256GB SSD / NO OS / NO ACC - CL1643",324.99,Pre-Owned,2016
HP,Elitebook,HP EliteBook 820 G4 - Core i7-6600U - 8GB RAM - 256GB SSD EB012700 (V1H03UA),320.0,Refurbished,2016
HP,Elitebook,HP EliteBook 840 G3 intel Core i5 2.4GHz 256GB SSD 8GB Windows 10 64Bit webcam,480.0,Refurbished,2016
HP,Elitebook,HP EliteBook 840 G3 intel Core i5 2.40 GHz 256gb SSD 16GB Windows 10 x64 Camera,299.99,Refurbished,2016
HP,Elitebook,HP EliteBook 840 G3 Gen 6 Core i5 2.4GHz 256gb SSD 16GB Windows 10 Pro Camera,335.65,Refurbished,2016
HP,Elitebook,HP EliteBook 850 G1 Dual Core i7-4600U 2.10GHz 16GB 500GB HDD Win10Pro #34555,333.68,Pre-Owned,2016
HP,Elitebook,HP EliteBook 840 G3 intel Core i5 2.4GHz 256gb SSD 16GB Windows 10 x64 Camera,245.0,Refurbished,2016
HP,Elitebook,"HP EliteBook 840 G3 14"" i5-6200U 2.3GHz 20GB 525GB SSD Windows 10 Pro",334.68,Pre-Owned,2016
